fixture_id,date,status,home_team,away_team,home_goals,away_goals
1052254,2023-08-19T16:30:00+00:00,FT,Empoli,Hellas Verona,0,1
1052255,2023-08-19T16:30:00+00:00,FT,Frosinone,Napoli,1,3
1052256,2023-08-19T18:45:00+00:00,FT,Genoa,Fiorentina,1,4
1052257,2023-08-19T18:45:00+00:00,FT,Inter,Monza,2,0
1052260,2023-08-20T16:30:00+00:00,FT,Sassuolo,Atalanta,0,2
1052259,2023-08-20T16:30:00+00:00,FT,AS Roma,Salernitana,2,2
1052262,2023-08-20T18:45:00+00:00,FT,Udinese,Juventus,0,3
1052258,2023-08-20T18:45:00+00:00,FT,Lecce,Lazio,2,1
1052261,2023-08-21T16:30:00+00:00,FT,Torino,Cagliari,0,0
1052253,2023-08-21T18:45:00+00:00,FT,Bologna,AC Milan,0,2
1052265,2023-08-26T16:30:00+00:00,FT,Frosinone,Atalanta,2,1
1052270,2023-08-26T16:30:00+00:00,FT,Monza,Empoli,2,0
1052269,2023-08-26T18:45:00+00:00,FT,AC Milan,Torino,4,1
1052266,2023-08-26T18:45:00+00:00,FT,Hellas Verona,AS Roma,2,1
1052267,2023-08-27T16:30:00+00:00,FT,Juventus,Bologna,1,1
1052264,2023-08-27T16:30:00+00:00,FT,Fiorentina,Lecce,2,2
1052268,2023-08-27T18:45:00+00:00,FT,Lazio,Genoa,0,1
1052271,2023-08-27T18:45:00+00:00,FT,Napoli,Sassuolo,2,0
1052272,2023-08-28T16:30:00+00:00,FT,Salernitana,Udinese,1,1
1052263,2023-08-28T18:45:00+00:00,FT,Cagliari,Inter,0,2
1052280,2023-09-01T16:30:00+00:00,FT,Sassuolo,Hellas Verona,3,1
1052279,2023-09-01T18:45:00+00:00,FT,AS Roma,AC Milan,1,2
1052282,2023-09-02T16:30:00+00:00,FT,Udinese,Frosinone,0,0
1052274,2023-09-02T16:30:00+00:00,FT,Bologna,Cagliari,2,1
1052278,2023-09-02T18:45:00+00:00,FT,Napoli,Lazio,1,2
1052273,2023-09-02T18:45:00+00:00,FT,Atalanta,Monza,3,0
1052281,2023-09-03T16:30:00+00:00,FT,Torino,Genoa,1,0
1052276,2023-09-03T16:30:00+00:00,FT,Inter,Fiorentina,4,0
1052275,2023-09-03T18:45:00+00:00,FT,Empoli,Juventus,0,2
1052277,2023-09-03T18:45:00+00:00,FT,Lecce,Salernitana,2,0
1052289,2023-09-16T13:00:00+00:00,FT,Juventus,Lazio,3,1
1052288,2023-09-16T16:00:00+00:00,FT,Inter,AC Milan,5,1
1052286,2023-09-16T18:45:00+00:00,FT,Genoa,Napoli,2,2
1052283,2023-09-17T10:30:00+00:00,FT,Cagliari,Udinese,0,0
1052285,2023-09-17T13:00:00+00:00,FT,Frosinone,Sassuolo,4,2
1052290,2023-09-17T13:00:00+00:00,FT,Monza,Lecce,1,1
1052284,2023-09-17T16:00:00+00:00,FT,Fiorentina,Atalanta,3,2
1052291,2023-09-17T18:45:00+00:00,FT,AS Roma,Empoli,7,0
1052292,2023-09-18T16:30:00+00:00,FT,Salernitana,Torino,0,3
1052287,2023-09-18T18:45:00+00:00,FT,Hellas Verona,Bologna,0,0
1052299,2023-09-22T16:30:00+00:00,FT,Salernitana,Frosinone,1,1
1052297,2023-09-22T18:45:00+00:00,FT,Lecce,Genoa,1,0
1052298,2023-09-23T13:00:00+00:00,FT,AC Milan,Hellas Verona,1,0
1052300,2023-09-23T16:00:00+00:00,FT,Sassuolo,Juventus,4,2
1052296,2023-09-23T18:45:00+00:00,FT,Lazio,Monza,1,1
1052295,2023-09-24T10:30:00+00:00,FT,Empoli,Inter,0,1
1052302,2023-09-24T13:00:00+00:00,FT,Udinese,Fiorentina,0,2
1052293,2023-09-24T13:00:00+00:00,FT,Atalanta,Cagliari,2,0
1052294,2023-09-24T16:00:00+00:00,FT,Bologna,Napoli,0,0
1052301,2023-09-24T18:45:00+00:00,FT,Torino,AS Roma,1,1
1052309,2023-09-26T18:45:00+00:00,FT,Juventus,Lecce,1,0
1052303,2023-09-27T16:30:00+00:00,FT,Cagliari,AC Milan,1,3
1052307,2023-09-27T16:30:00+00:00,FT,Hellas Verona,Atalanta,0,1
1052304,2023-09-27T16:30:00+00:00,FT,Empoli,Salernitana,1,0
1052310,2023-09-27T18:45:00+00:00,FT,Lazio,Torino,2,0
1052312,2023-09-27T18:45:00+00:00,FT,Napoli,Udinese,4,1
1052308,2023-09-27T18:45:00+00:00,FT,Inter,Sassuolo,1,2
1052305,2023-09-28T16:30:00+00:00,FT,Frosinone,Fiorentina,1,1
1052311,2023-09-28T16:30:00+00:00,FT,Monza,Bologna,0,0
1052306,2023-09-28T18:45:00+00:00,FT,Genoa,AS Roma,4,1
1052316,2023-09-30T13:00:00+00:00,FT,Lecce,Napoli,0,4
1052317,2023-09-30T16:00:00+00:00,FT,AC Milan,Lazio,2,0
1052319,2023-09-30T18:45:00+00:00,FT,Salernitana,Inter,0,4
1052314,2023-10-01T10:30:00+00:00,FT,Bologna,Empoli,3,0
1052322,2023-10-01T13:00:00+00:00,FT,Udinese,Genoa,2,2
1052313,2023-10-01T16:00:00+00:00,FT,Atalanta,Juventus,0,0
1052318,2023-10-01T18:45:00+00:00,FT,AS Roma,Frosinone,2,0
1052320,2023-10-02T16:30:00+00:00,FT,Sassuolo,Monza,0,1
1052321,2023-10-02T16:30:00+00:00,FT,Torino,Hellas Verona,0,0
1052315,2023-10-02T18:45:00+00:00,FT,Fiorentina,Cagliari,3,0
1052324,2023-10-06T16:30:00+00:00,FT,Empoli,Udinese,0,0
1052330,2023-10-06T18:45:00+00:00,FT,Lecce,Sassuolo,1,1
1052327,2023-10-07T13:00:00+00:00,FT,Inter,Bologna,2,2
1052328,2023-10-07T16:00:00+00:00,FT,Juventus,Torino,2,0
1052326,2023-10-07T18:45:00+00:00,FT,Genoa,AC Milan,0,1
1052331,2023-10-08T10:30:00+00:00,FT,Monza,Salernitana,3,0
1052329,2023-10-08T13:00:00+00:00,FT,Lazio,Atalanta,3,2
1052325,2023-10-08T13:00:00+00:00,FT,Frosinone,Hellas Verona,2,1
1052323,2023-10-08T16:00:00+00:00,FT,Cagliari,AS Roma,1,4
1052332,2023-10-08T18:45:00+00:00,FT,Napoli,Fiorentina,1,3
1052336,2023-10-21T13:00:00+00:00,FT,Hellas Verona,Napoli,1,3
1052341,2023-10-21T16:00:00+00:00,FT,Torino,Inter,0,3
1052340,2023-10-21T18:45:00+00:00,FT,Sassuolo,Lazio,0,2
1052338,2023-10-22T10:30:00+00:00,FT,AS Roma,Monza,1,0
1052334,2023-10-22T13:00:00+00:00,FT,Bologna,Frosinone,2,1
1052339,2023-10-22T13:00:00+00:00,FT,Salernitana,Cagliari,2,2
1052333,2023-10-22T16:00:00+00:00,FT,Atalanta,Genoa,2,0
1052337,2023-10-22T18:45:00+00:00,FT,AC Milan,Juventus,0,1
1052342,2023-10-23T16:30:00+00:00,FT,Udinese,Lecce,1,1
1052335,2023-10-23T18:45:00+00:00,FT,Fiorentina,Empoli,0,2
1052345,2023-10-27T18:45:00+00:00,FT,Genoa,Salernitana,1,0
1052352,2023-10-28T13:00:00+00:00,FT,Sassuolo,Bologna,1,1
1052349,2023-10-28T16:00:00+00:00,FT,Lecce,Torino,0,1
1052347,2023-10-28T18:45:00+00:00,FT,Juventus,Hellas Verona,1,0
1052343,2023-10-29T11:30:00+00:00,FT,Cagliari,Frosinone,4,3
1052350,2023-10-29T14:00:00+00:00,FT,Monza,Udinese,1,1
1052346,2023-10-29T17:00:00+00:00,FT,Inter,AS Roma,1,0
1052351,2023-10-29T19:45:00+00:00,FT,Napoli,AC Milan,2,2
1052344,2023-10-30T17:30:00+00:00,FT,Empoli,Atalanta,0,3
1052348,2023-10-30T19:45:00+00:00,FT,Lazio,Fiorentina,1,0
1052354,2023-11-03T19:45:00+00:00,FT,Bologna,Lazio,1,0
1052361,2023-11-04T14:00:00+00:00,FT,Salernitana,Napoli,0,2
1052353,2023-11-04T17:00:00+00:00,FT,Atalanta,Inter,1,2
1052359,2023-11-04T19:45:00+00:00,FT,AC Milan,Udinese,0,1
1052358,2023-11-05T11:30:00+00:00,FT,Hellas Verona,Monza,1,3
1052355,2023-11-05T14:00:00+00:00,FT,Cagliari,Genoa,2,1
1052360,2023-11-05T17:00:00+00:00,FT,AS Roma,Lecce,2,1
1052356,2023-11-05T19:45:00+00:00,FT,Fiorentina,Juventus,0,1
1052357,2023-11-06T17:30:00+00:00,FT,Frosinone,Empoli,2,1
1052362,2023-11-06T19:45:00+00:00,FT,Torino,Sassuolo,2,1
1052371,2023-11-10T17:30:00+00:00,FT,Sassuolo,Salernitana,2,2
1052364,2023-11-10T19:45:00+00:00,FT,Genoa,Hellas Verona,1,0
1052368,2023-11-11T14:00:00+00:00,FT,Lecce,AC Milan,2,2
1052366,2023-11-11T17:00:00+00:00,FT,Juventus,Cagliari,2,1
1052369,2023-11-11T19:45:00+00:00,FT,Monza,Torino,1,1
1052370,2023-11-12T11:30:00+00:00,FT,Napoli,Empoli,0,1
1052372,2023-11-12T14:00:00+00:00,FT,Udinese,Atalanta,1,1
1052363,2023-11-12T14:00:00+00:00,FT,Fiorentina,Bologna,2,1
1052367,2023-11-12T17:00:00+00:00,FT,Lazio,AS Roma,0,0
1052365,2023-11-12T19:45:00+00:00,FT,Inter,Frosinone,2,0
1052382,2023-11-25T14:00:00+00:00,FT,Salernitana,Lazio,2,1
1052373,2023-11-25T17:00:00+00:00,FT,Atalanta,Napoli,1,2
1052380,2023-11-25T19:45:00+00:00,FT,AC Milan,Fiorentina,1,0
1052375,2023-11-26T11:30:00+00:00,FT,Cagliari,Monza,1,1
1052376,2023-11-26T14:00:00+00:00,FT,Empoli,Sassuolo,3,4
1052377,2023-11-26T14:00:00+00:00,FT,Frosinone,Genoa,2,1
1052381,2023-11-26T17:00:00+00:00,FT,AS Roma,Udinese,3,1
1052379,2023-11-26T19:45:00+00:00,FT,Juventus,Inter,1,1
1052378,2023-11-27T17:30:00+00:00,FT,Hellas Verona,Lecce,2,2
1052374,2023-11-27T19:45:00+00:00,FT,Bologna,Torino,2,0
1052388,2023-12-01T19:45:00+00:00,FT,Monza,Juventus,1,2
1052384,2023-12-02T14:00:00+00:00,FT,Genoa,Empoli,1,1
1052385,2023-12-02T17:00:00+00:00,FT,Lazio,Cagliari,1,0
1052387,2023-12-02T19:45:00+00:00,FT,AC Milan,Frosinone,3,1
1052386,2023-12-03T11:30:00+00:00,FT,Lecce,Bologna,1,1
1052392,2023-12-03T14:00:00+00:00,FT,Udinese,Hellas Verona,3,3
1052383,2023-12-03T14:00:00+00:00,FT,Fiorentina,Salernitana,3,0
1052390,2023-12-03T17:00:00+00:00,FT,Sassuolo,AS Roma,1,2
1052389,2023-12-03T19:45:00+00:00,FT,Napoli,Inter,0,3
1052391,2023-12-04T19:45:00+00:00,FT,Torino,Atalanta,3,0
1052399,2023-12-08T19:45:00+00:00,FT,Juventus,Napoli,1,0
1052397,2023-12-09T14:00:00+00:00,FT,Hellas Verona,Lazio,1,1
1052393,2023-12-09T17:00:00+00:00,FT,Atalanta,AC Milan,3,2
1052398,2023-12-09T19:45:00+00:00,FT,Inter,Udinese,4,0
1052396,2023-12-10T11:30:00+00:00,FT,Frosinone,Torino,0,0
1052400,2023-12-10T14:00:00+00:00,FT,Monza,Genoa,1,0
1052402,2023-12-10T17:00:00+00:00,FT,Salernitana,Bologna,1,2
1052401,2023-12-10T19:45:00+00:00,FT,AS Roma,Fiorentina,1,1
1052395,2023-12-11T17:30:00+00:00,FT,Empoli,Lecce,1,1
1052394,2023-12-11T19:45:00+00:00,FT,Cagliari,Sassuolo,2,1
1052406,2023-12-15T19:45:00+00:00,FT,Genoa,Juventus,1,1
1052408,2023-12-16T14:00:00+00:00,FT,Lecce,Frosinone,2,1
1052410,2023-12-16T17:00:00+00:00,FT,Napoli,Cagliari,2,1
1052411,2023-12-16T19:45:00+00:00,FT,Torino,Empoli,1,0
1052409,2023-12-17T11:30:00+00:00,FT,AC Milan,Monza,3,0
1052412,2023-12-17T14:00:00+00:00,FT,Udinese,Sassuolo,2,2
1052405,2023-12-17T14:00:00+00:00,FT,Fiorentina,Hellas Verona,1,0
1052404,2023-12-17T17:00:00+00:00,FT,Bologna,AS Roma,2,0
1052407,2023-12-17T19:45:00+00:00,FT,Lazio,Inter,0,2
1052403,2023-12-18T19:45:00+00:00,FT,Atalanta,Salernitana,4,1
1052421,2023-12-22T17:30:00+00:00,FT,Sassuolo,Genoa,1,2
1052414,2023-12-22T17:30:00+00:00,FT,Empoli,Lazio,0,2
1052420,2023-12-22T19:45:00+00:00,FT,Salernitana,AC Milan,2,2
1052418,2023-12-22T19:45:00+00:00,FT,Monza,Fiorentina,0,1
1052415,2023-12-23T11:30:00+00:00,FT,Frosinone,Juventus,1,2
1052413,2023-12-23T14:00:00+00:00,FT,Bologna,Atalanta,1,0
1052422,2023-12-23T14:00:00+00:00,FT,Torino,Udinese,1,1
1052416,2023-12-23T17:00:00+00:00,FT,Hellas Verona,Cagliari,2,0
1052417,2023-12-23T17:00:00+00:00,FT,Inter,Lecce,2,0
1052419,2023-12-23T19:45:00+00:00,FT,AS Roma,Napoli,2,0
1052431,2023-12-29T17:30:00+00:00,FT,Napoli,Monza,0,0
1052425,2023-12-29T17:30:00+00:00,FT,Fiorentina,Torino,1,0
1052429,2023-12-29T19:45:00+00:00,FT,Lazio,Frosinone,3,1
1052426,2023-12-29T19:45:00+00:00,FT,Genoa,Inter,1,1
1052423,2023-12-30T11:30:00+00:00,FT,Atalanta,Lecce,1,0
1052424,2023-12-30T14:00:00+00:00,FT,Cagliari,Empoli,0,0
1052432,2023-12-30T14:00:00+00:00,FT,Udinese,Bologna,3,0
1052430,2023-12-30T17:00:00+00:00,FT,AC Milan,Sassuolo,1,0
1052427,2023-12-30T17:00:00+00:00,FT,Hellas Verona,Salernitana,0,1
1052428,2023-12-30T19:45:00+00:00,FT,Juventus,AS Roma,1,0
1052433,2024-01-05T19:45:00+00:00,FT,Bologna,Genoa,1,1
1052436,2024-01-06T11:30:00+00:00,FT,Inter,Hellas Verona,2,1
1052435,2024-01-06T14:00:00+00:00,FT,Frosinone,Monza,2,3
1052437,2024-01-06T17:00:00+00:00,FT,Lecce,Cagliari,1,1
1052440,2024-01-06T19:45:00+00:00,FT,Sassuolo,Fiorentina,1,0
1052434,2024-01-07T11:30:00+00:00,FT,Empoli,AC Milan,0,3
1052442,2024-01-07T14:00:00+00:00,FT,Udinese,Lazio,1,2
1052441,2024-01-07T14:00:00+00:00,FT,Torino,Napoli,3,0
1052439,2024-01-07T17:00:00+00:00,FT,Salernitana,Juventus,1,2
1052438,2024-01-07T19:45:00+00:00,FT,AS Roma,Atalanta,1,1
1052452,2024-01-13T14:00:00+00:00,FT,Napoli,Salernitana,2,1
1052446,2024-01-13T14:00:00+00:00,FT,Genoa,Torino,0,0
1052447,2024-01-13T17:00:00+00:00,FT,Hellas Verona,Empoli,2,1
1052451,2024-01-13T19:45:00+00:00,FT,Monza,Inter,1,5
1052449,2024-01-14T11:30:00+00:00,FT,Lazio,Lecce,1,0
1052444,2024-01-14T14:00:00+00:00,FT,Cagliari,Bologna,2,1
1052445,2024-01-14T17:00:00+00:00,FT,Fiorentina,Udinese,2,2
1052450,2024-01-14T19:45:00+00:00,FT,AC Milan,AS Roma,3,1
1052443,2024-01-15T19:45:00+00:00,FT,Atalanta,Frosinone,5,0
1052448,2024-01-16T19:45:00+00:00,FT,Juventus,Sassuolo,3,0
1052458,2024-01-20T17:00:00+00:00,FT,AS Roma,Hellas Verona,2,1
1052462,2024-01-20T19:45:00+00:00,FT,Udinese,AC Milan,2,3
1052455,2024-01-21T11:30:00+00:00,FT,Frosinone,Cagliari,3,1
1052454,2024-01-21T14:00:00+00:00,FT,Empoli,Monza,3,0
1052459,2024-01-21T17:00:00+00:00,FT,Salernitana,Genoa,1,2
1052457,2024-01-21T19:45:00+00:00,FT,Lecce,Juventus,0,3
1052464,2024-01-26T19:45:00+00:00,FT,Cagliari,Torino,1,2
1052463,2024-01-27T14:00:00+00:00,FT,Atalanta,Udinese,2,0
1052468,2024-01-27T17:00:00+00:00,FT,Juventus,Empoli,1,1
1052470,2024-01-27T19:45:00+00:00,FT,AC Milan,Bologna,2,2
1052466,2024-01-28T11:30:00+00:00,FT,Genoa,Lecce,2,1
1052467,2024-01-28T14:00:00+00:00,FT,Hellas Verona,Frosinone,1,1
1052471,2024-01-28T14:00:00+00:00,FT,Monza,Sassuolo,1,0
1052469,2024-01-28T17:00:00+00:00,FT,Lazio,Napoli,0,0
1052465,2024-01-28T19:45:00+00:00,FT,Fiorentina,Inter,0,1
1052472,2024-01-29T19:45:00+00:00,FT,Salernitana,AS Roma,1,2
1052478,2024-02-02T19:45:00+00:00,FT,Lecce,Fiorentina,3,2
1052482,2024-02-03T14:00:00+00:00,FT,Udinese,Monza,0,0
1052475,2024-02-03T14:00:00+00:00,FT,Empoli,Genoa,0,0
1052476,2024-02-03T17:00:00+00:00,FT,Frosinone,AC Milan,2,3
1052474,2024-02-03T19:45:00+00:00,FT,Bologna,Sassuolo,4,2
1052481,2024-02-04T11:30:00+00:00,FT,Torino,Salernitana,0,0
1052479,2024-02-04T14:00:00+00:00,FT,Napoli,Hellas Verona,2,1
1052473,2024-02-04T17:00:00+00:00,FT,Atalanta,Lazio,3,1
1052477,2024-02-04T19:45:00+00:00,FT,Inter,Juventus,1,0
1052480,2024-02-05T19:45:00+00:00,FT,AS Roma,Cagliari,4,0
1052491,2024-02-09T19:45:00+00:00,FT,Salernitana,Empoli,1,3
1052484,2024-02-10T14:00:00+00:00,FT,Cagliari,Lazio,1,3
1052490,2024-02-10T17:00:00+00:00,FT,AS Roma,Inter,2,4
1052492,2024-02-10T19:45:00+00:00,FT,Sassuolo,Torino,1,1
1052485,2024-02-11T11:30:00+00:00,FT,Fiorentina,Frosinone,5,1
1052483,2024-02-11T14:00:00+00:00,FT,Bologna,Lecce,4,0
1052489,2024-02-11T14:00:00+00:00,FT,Monza,Hellas Verona,0,0
1052486,2024-02-11T17:00:00+00:00,FT,Genoa,Atalanta,1,4
1052488,2024-02-11T19:45:00+00:00,FT,AC Milan,Napoli,1,0
1052487,2024-02-12T19:45:00+00:00,FT,Juventus,Udinese,0,1
1052453,2024-02-14T18:00:00+00:00,FT,Bologna,Fiorentina,2,0
1052501,2024-02-16T18:00:00+00:00,FT,Torino,Lecce,2,0
1052497,2024-02-16T20:00:00+00:00,FT,Inter,Salernitana,4,0
1052500,2024-02-17T14:00:00+00:00,FT,Napoli,Genoa,1,1
1052496,2024-02-17T17:00:00+00:00,FT,Hellas Verona,Juventus,2,2
1052493,2024-02-17T19:45:00+00:00,FT,Atalanta,Sassuolo,3,0
1052498,2024-02-18T11:30:00+00:00,FT,Lazio,Bologna,1,2
1052502,2024-02-18T14:00:00+00:00,FT,Udinese,Cagliari,1,1
1052494,2024-02-18T14:00:00+00:00,FT,Empoli,Fiorentina,1,1
1052495,2024-02-18T17:00:00+00:00,FT,Frosinone,AS Roma,0,3
1052499,2024-02-18T19:45:00+00:00,FT,Monza,AC Milan,4,2
1052461,2024-02-22T19:45:00+00:00,FT,Torino,Lazio,0,2
1052503,2024-02-23T19:45:00+00:00,FT,Bologna,Hellas Verona,2,0
1052512,2024-02-24T14:00:00+00:00,FT,Sassuolo,Empoli,2,3
1052511,2024-02-24T17:00:00+00:00,FT,Salernitana,Monza,0,2
1052506,2024-02-24T19:45:00+00:00,FT,Genoa,Udinese,2,0
1052507,2024-02-25T11:30:00+00:00,FT,Juventus,Frosinone,3,2
1052504,2024-02-25T14:00:00+00:00,FT,Cagliari,Napoli,1,1
1052508,2024-02-25T17:00:00+00:00,FT,Lecce,Inter,0,4
1052509,2024-02-25T19:45:00+00:00,FT,AC Milan,Atalanta,1,1
1052510,2024-02-26T17:30:00+00:00,FT,AS Roma,Torino,3,2
1052505,2024-02-26T19:45:00+00:00,FT,Fiorentina,Lazio,2,1
1052460,2024-02-28T17:00:00+00:00,FT,Sassuolo,Napoli,1,6
1052456,2024-02-28T19:45:00+00:00,FT,Inter,Atalanta,4,0
1052518,2024-03-01T19:45:00+00:00,FT,Lazio,AC Milan,0,1
1052522,2024-03-02T14:00:00+00:00,FT,Udinese,Salernitana,1,1
1052519,2024-03-02T17:00:00+00:00,FT,Monza,AS Roma,1,4
1052521,2024-03-02T19:45:00+00:00,FT,Torino,Fiorentina,0,0
1052516,2024-03-03T11:30:00+00:00,FT,Hellas Verona,Sassuolo,1,0
1052514,2024-03-03T14:00:00+00:00,FT,Empoli,Cagliari,0,1
1052515,2024-03-03T14:00:00+00:00,FT,Frosinone,Lecce,1,1
1052513,2024-03-03T17:00:00+00:00,FT,Atalanta,Bologna,1,2
1052520,2024-03-03T19:45:00+00:00,FT,Napoli,Juventus,2,1
1052517,2024-03-04T19:45:00+00:00,FT,Inter,Genoa,2,1
1052531,2024-03-08T19:45:00+00:00,FT,Napoli,Torino,1,1
1052532,2024-03-09T14:00:00+00:00,FT,Sassuolo,Frosinone,1,0
1052524,2024-03-09T14:00:00+00:00,FT,Cagliari,Salernitana,4,2
1052523,2024-03-09T17:00:00+00:00,FT,Bologna,Inter,0,1
1052526,2024-03-09T19:45:00+00:00,FT,Genoa,Monza,2,3
1052529,2024-03-10T11:30:00+00:00,FT,Lecce,Hellas Verona,0,1
1052530,2024-03-10T14:00:00+00:00,FT,AC Milan,Empoli,1,0
1052527,2024-03-10T17:00:00+00:00,FT,Juventus,Atalanta,2,2
1052525,2024-03-10T19:45:00+00:00,FT,Fiorentina,AS Roma,2,2
1052528,2024-03-11T19:45:00+00:00,FT,Lazio,Udinese,1,2
1052534,2024-03-15T19:45:00+00:00,FT,Empoli,Bologna,0,1
1052542,2024-03-16T14:00:00+00:00,FT,Udinese,Torino,0,2
1052539,2024-03-16T14:00:00+00:00,FT,Monza,Cagliari,1,0
1052541,2024-03-16T17:00:00+00:00,FT,Salernitana,Lecce,0,1
1052535,2024-03-16T19:45:00+00:00,FT,Frosinone,Lazio,2,3
1052538,2024-03-17T11:30:00+00:00,FT,Juventus,Genoa,0,0
1052536,2024-03-17T14:00:00+00:00,FT,Hellas Verona,AC Milan,1,3
1052540,2024-03-17T17:00:00+00:00,FT,AS Roma,Sassuolo,1,0
1052537,2024-03-17T19:45:00+00:00,FT,Inter,Napoli,1,1
1052550,2024-03-30T11:30:00+00:00,FT,Napoli,Atalanta,0,3
1052546,2024-03-30T14:00:00+00:00,FT,Genoa,Frosinone,1,1
1052552,2024-03-30T14:00:00+00:00,FT,Torino,Monza,1,0
1052548,2024-03-30T17:00:00+00:00,FT,Lazio,Juventus,1,0
1052545,2024-03-30T19:45:00+00:00,FT,Fiorentina,AC Milan,1,2
1052543,2024-04-01T10:30:00+00:00,FT,Bologna,Salernitana,3,0
1052551,2024-04-01T13:00:00+00:00,FT,Sassuolo,Udinese,1,1
1052544,2024-04-01T13:00:00+00:00,FT,Cagliari,Hellas Verona,1,1
1052549,2024-04-01T16:00:00+00:00,FT,Lecce,AS Roma,0,0
1052547,2024-04-01T18:45:00+00:00,FT,Inter,Empoli,2,0
1052561,2024-04-05T18:45:00+00:00,FT,Salernitana,Sassuolo,2,2
1052558,2024-04-06T13:00:00+00:00,FT,AC Milan,Lecce,3,0
1052560,2024-04-06T16:00:00+00:00,FT,AS Roma,Lazio,1,0
1052554,2024-04-06T18:45:00+00:00,FT,Empoli,Torino,3,2
1052555,2024-04-07T10:30:00+00:00,FT,Frosinone,Bologna,0,0
1052559,2024-04-07T13:00:00+00:00,FT,Monza,Napoli,2,4
1052553,2024-04-07T16:00:00+00:00,FT,Cagliari,Atalanta,2,1
1052556,2024-04-07T16:00:00+00:00,FT,Hellas Verona,Genoa,1,2
1052557,2024-04-07T18:45:00+00:00,FT,Juventus,Fiorentina,1,0
1052562,2024-04-08T18:45:00+00:00,FT,Udinese,Inter,1,2
1052567,2024-04-12T18:45:00+00:00,FT,Lazio,Salernitana,4,1
1052568,2024-04-13T13:00:00+00:00,FT,Lecce,Empoli,1,0
1052571,2024-04-13T16:00:00+00:00,FT,Torino,Juventus,0,0
1052564,2024-04-13T18:45:00+00:00,FT,Bologna,Monza,0,0
1052569,2024-04-14T10:30:00+00:00,FT,Napoli,Frosinone,2,2
1052570,2024-04-14T13:00:00+00:00,FT,Sassuolo,AC Milan,3,3
1052566,2024-04-14T18:45:00+00:00,FT,Inter,Cagliari,2,2
1052565,2024-04-15T16:30:00+00:00,FT,Fiorentina,Genoa,1,1
1052563,2024-04-15T18:45:00+00:00,FT,Atalanta,Hellas Verona,2,2
1052575,2024-04-19T16:30:00+00:00,FT,Genoa,Lazio,0,1
1052573,2024-04-19T18:45:00+00:00,FT,Cagliari,Juventus,2,2
1052574,2024-04-20T16:00:00+00:00,FT,Empoli,Napoli,1,0
1052576,2024-04-20T18:45:00+00:00,FT,Hellas Verona,Udinese,1,0
1052581,2024-04-21T10:30:00+00:00,FT,Sassuolo,Lecce,0,3
1052582,2024-04-21T13:00:00+00:00,FT,Torino,Frosinone,0,0
1052580,2024-04-21T16:00:00+00:00,FT,Salernitana,Fiorentina,0,2
1052578,2024-04-21T18:45:00+00:00,FT,Monza,Atalanta,1,2
1052579,2024-04-22T16:30:00+00:00,FT,AS Roma,Bologna,1,3
1052577,2024-04-22T18:45:00+00:00,FT,AC Milan,Inter,1,2
1052572,2024-04-25T16:00:00+00:00,FT,Udinese,AS Roma,1,2
1052586,2024-04-26T18:45:00+00:00,FT,Frosinone,Salernitana,3,0
1052591,2024-04-27T13:00:00+00:00,FT,Lecce,Monza,1,1
1052589,2024-04-27T16:00:00+00:00,FT,Juventus,AC Milan,0,0
1052590,2024-04-27T18:45:00+00:00,FT,Lazio,Hellas Verona,1,0
1052588,2024-04-28T10:30:00+00:00,FT,Inter,Torino,2,0
1052584,2024-04-28T13:00:00+00:00,FT,Bologna,Udinese,1,1
1052592,2024-04-28T16:00:00+00:00,FT,Napoli,AS Roma,2,2
1052583,2024-04-28T16:00:00+00:00,FT,Atalanta,Empoli,2,0
1052585,2024-04-28T18:45:00+00:00,FT,Fiorentina,Sassuolo,5,1
1052587,2024-04-29T18:45:00+00:00,FT,Genoa,Cagliari,3,0
1052601,2024-05-03T18:45:00+00:00,FT,Torino,Bologna,0,0
1052597,2024-05-04T16:00:00+00:00,FT,Monza,Lazio,2,2
1052600,2024-05-04T18:45:00+00:00,FT,Sassuolo,Inter,1,0
1052593,2024-05-05T10:30:00+00:00,FT,Cagliari,Lecce,1,1
1052595,2024-05-05T13:00:00+00:00,FT,Hellas Verona,Fiorentina,2,1
1052594,2024-05-05T13:00:00+00:00,FT,Empoli,Frosinone,0,0
1052596,2024-05-05T16:00:00+00:00,FT,AC Milan,Genoa,3,3
1052598,2024-05-05T18:45:00+00:00,FT,AS Roma,Juventus,1,1
1052599,2024-05-06T16:00:00+00:00,FT,Salernitana,Atalanta,1,2
1052602,2024-05-06T18:45:00+00:00,FT,Udinese,Napoli,1,1
1052605,2024-05-10T18:45:00+00:00,FT,Frosinone,Inter,0,5
1052612,2024-05-11T16:00:00+00:00,FT,Napoli,Bologna,0,2
1052611,2024-05-11T18:45:00+00:00,FT,AC Milan,Cagliari,5,1
1052609,2024-05-12T10:30:00+00:00,FT,Lazio,Empoli,2,0
1052606,2024-05-12T13:00:00+00:00,FT,Genoa,Sassuolo,2,1
1052607,2024-05-12T13:00:00+00:00,FT,Hellas Verona,Torino,1,2
1052608,2024-05-12T16:00:00+00:00,FT,Juventus,Salernitana,1,1
1052603,2024-05-12T18:45:00+00:00,FT,Atalanta,AS Roma,2,1
1052610,2024-05-13T16:30:00+00:00,FT,Lecce,Udinese,0,2
1052604,2024-05-13T18:45:00+00:00,FT,Fiorentina,Monza,2,1
1052614,2024-05-17T18:45:00+00:00,FT,Fiorentina,Napoli,2,2
1052616,2024-05-18T16:00:00+00:00,FT,Lecce,Atalanta,0,2
1052621,2024-05-18T18:45:00+00:00,FT,Torino,AC Milan,3,1
1052620,2024-05-19T10:30:00+00:00,FT,Sassuolo,Cagliari,0,2
1052622,2024-05-19T13:00:00+00:00,FT,Udinese,Empoli,1,1
1052617,2024-05-19T13:00:00+00:00,FT,Monza,Frosinone,0,1
1052615,2024-05-19T16:00:00+00:00,FT,Inter,Lazio,1,1
1052618,2024-05-19T18:45:00+00:00,FT,AS Roma,Genoa,1,0
1052619,2024-05-20T16:30:00+00:00,FT,Salernitana,Hellas Verona,1,2
1052613,2024-05-20T18:45:00+00:00,FT,Bologna,Juventus,3,3
1052624,2024-05-23T18:45:00+00:00,FT,Cagliari,Fiorentina,2,3
1052627,2024-05-24T18:45:00+00:00,FT,Genoa,Bologna,2,0
1052629,2024-05-25T16:00:00+00:00,FT,Juventus,Monza,2,0
1052631,2024-05-25T18:45:00+00:00,FT,AC Milan,Salernitana,3,3
1052632,2024-05-26T16:00:00+00:00,FT,Napoli,Lecce,0,0
1052623,2024-05-26T16:00:00+00:00,FT,Atalanta,Torino,3,0
1052630,2024-05-26T18:45:00+00:00,FT,Lazio,Sassuolo,1,1
1052628,2024-05-26T18:45:00+00:00,FT,Hellas Verona,Inter,2,2
1052625,2024-05-26T18:45:00+00:00,FT,Empoli,AS Roma,2,1
1052626,2024-05-26T18:45:00+00:00,FT,Frosinone,Udinese,0,1
1052533,2024-06-02T16:00:00+00:00,FT,Atalanta,Fiorentina,2,3
