fixture_id,date,status,home_team,away_team,home_goals,away_goals,home_attack_form,home_defense_form,away_attack_form,away_defense_form
1005651,2023-04-15T19:00:00+00:00,FT,Palmeiras,Cuiaba,2,1,1.2447368421052631,1.2447368421052631,1.2447368421052631,1.2447368421052631
1005658,2023-04-15T19:00:00+00:00,FT,America Mineiro,Fluminense,0,3,1.2447368421052631,1.2447368421052631,1.2447368421052631,1.2447368421052631
1005650,2023-04-15T21:30:00+00:00,FT,Botafogo,Sao Paulo,2,1,1.2447368421052631,1.2447368421052631,1.2447368421052631,1.2447368421052631
1005656,2023-04-15T21:30:00+00:00,FT,Atletico Paranaense,Goias,2,0,1.2447368421052631,1.2447368421052631,1.2447368421052631,1.2447368421052631
1005657,2023-04-15T21:30:00+00:00,FT,Fortaleza EC,Internacional,1,1,1.2447368421052631,1.2447368421052631,1.2447368421052631,1.2447368421052631
1005653,2023-04-15T21:30:00+00:00,FT,RB Bragantino,Bahia,2,1,1.2447368421052631,1.2447368421052631,1.2447368421052631,1.2447368421052631
1005654,2023-04-16T00:00:00+00:00,FT,Atletico-MG,Vasco DA Gama,1,2,1.2447368421052631,1.2447368421052631,1.2447368421052631,1.2447368421052631
1005649,2023-04-16T19:00:00+00:00,FT,Flamengo,Coritiba,3,0,1.2447368421052631,1.2447368421052631,1.2447368421052631,1.2447368421052631
1005652,2023-04-16T19:00:00+00:00,FT,Corinthians,Cruzeiro,2,1,1.2447368421052631,1.2447368421052631,1.2447368421052631,1.2447368421052631
1005655,2023-04-16T21:30:00+00:00,FT,Gremio,Santos,1,0,1.2447368421052631,1.2447368421052631,1.2447368421052631,1.2447368421052631
1005659,2023-04-22T19:00:00+00:00,FT,Fluminense,Atletico Paranaense,2,0,3.0,0.0,2.0,0.0
1005668,2023-04-22T21:30:00+00:00,FT,Cuiaba,RB Bragantino,1,1,1.0,2.0,2.0,1.0
1005661,2023-04-22T21:30:00+00:00,FT,Sao Paulo,America Mineiro,3,0,1.0,2.0,0.0,3.0
1005664,2023-04-23T00:00:00+00:00,FT,Cruzeiro,Gremio,1,0,1.0,2.0,1.0,0.0
1005665,2023-04-23T14:00:00+00:00,FT,Internacional,Flamengo,2,1,1.0,1.0,3.0,0.0
1005662,2023-04-23T19:00:00+00:00,FT,Santos,Atletico-MG,0,0,0.0,1.0,1.0,2.0
1005660,2023-04-23T19:00:00+00:00,FT,Vasco DA Gama,Palmeiras,2,2,2.0,1.0,2.0,1.0
1005666,2023-04-23T21:30:00+00:00,FT,Coritiba,Fortaleza EC,0,3,0.0,3.0,1.0,1.0
1005663,2023-04-23T22:00:00+00:00,FT,Goias,Corinthians,3,1,0.0,2.0,2.0,1.0
1005667,2023-04-24T23:00:00+00:00,FT,Bahia,Botafogo,1,2,1.0,2.0,2.0,1.0
1005676,2023-04-29T19:30:00+00:00,FT,Coritiba,Sao Paulo,1,1,0.0,3.0,2.2,0.8
1005677,2023-04-29T19:30:00+00:00,FT,Fortaleza EC,Fluminense,4,2,2.2,0.4,2.4,0.0
1005673,2023-04-29T21:30:00+00:00,FT,RB Bragantino,Cruzeiro,0,3,1.4000000000000001,1.0,1.0,0.8
1005671,2023-04-29T21:30:00+00:00,FT,Palmeiras,Corinthians,2,1,2.0,1.6,1.4000000000000001,2.2
1005672,2023-04-29T21:30:00+00:00,FT,Santos,America Mineiro,3,2,0.0,0.4,0.0,3.0
1005674,2023-04-30T00:00:00+00:00,FT,Atletico-MG,Atletico Paranaense,2,1,0.4,0.8,0.8,1.2
1005669,2023-04-30T19:00:00+00:00,FT,Flamengo,Botafogo,2,3,1.7999999999999998,1.2,2.0,1.0
1005675,2023-04-30T21:30:00+00:00,FT,Internacional,Goias,1,0,1.6,1.0,1.7999999999999998,1.4000000000000001
1005678,2023-04-30T21:30:00+00:00,FT,Cuiaba,Gremio,1,2,1.0,1.4000000000000001,0.4,0.6
1005670,2023-05-01T23:00:00+00:00,FT,Vasco DA Gama,Bahia,0,1,2.0,1.6,1.0,2.0
1005684,2023-05-06T19:00:00+00:00,FT,Cruzeiro,Santos,2,1,1.9473684210526314,0.4210526315789474,1.4210526315789471,1.157894736842105
1005679,2023-05-07T00:00:00+00:00,FT,Fluminense,Vasco DA Gama,1,1,2.210526315789474,1.8947368421052626,1.0526315789473684,1.3157894736842106
1005688,2023-05-07T14:00:00+00:00,FT,America Mineiro,Cuiaba,1,2,0.9473684210526313,3.0,1.0,1.6842105263157894
1005681,2023-05-07T19:00:00+00:00,FT,Sao Paulo,Internacional,2,0,1.631578947368421,0.8947368421052632,1.3157894736842106,0.5263157894736842
1005686,2023-05-07T19:00:00+00:00,FT,Atletico Paranaense,Flamengo,2,1,0.8947368421052632,1.5789473684210524,1.8947368421052626,2.052631578947368
1005687,2023-05-07T19:00:00+00:00,FT,Bahia,Coritiba,3,1,1.0,1.0526315789473684,0.47368421052631565,2.052631578947368
1005680,2023-05-07T21:30:00+00:00,FT,Botafogo,Atletico-MG,2,0,2.4736842105263155,1.4736842105263157,1.157894736842105,0.8947368421052632
1005685,2023-05-07T21:30:00+00:00,FT,Gremio,RB Bragantino,3,3,1.157894736842105,0.7894736842105262,0.736842105263158,1.9473684210526314
1005683,2023-05-07T21:30:00+00:00,FT,Goias,Palmeiras,0,5,0.9473684210526315,1.2105263157894737,2.0,1.3157894736842106
1005682,2023-05-08T23:00:00+00:00,FT,Corinthians,Fortaleza EC,1,1,1.2105263157894737,2.1052631578947363,3.0526315789473677,1.157894736842105
1005695,2023-05-10T22:00:00+00:00,FT,Internacional,Atletico Paranaense,0,2,0.7692307692307694,1.1384615384615384,1.3538461538461537,1.3384615384615384
1005692,2023-05-10T22:00:00+00:00,FT,Santos,Bahia,3,0,1.2461538461538462,1.5076923076923074,1.8307692307692307,1.0307692307692307
1005693,2023-05-10T22:00:00+00:00,FT,RB Bragantino,America Mineiro,2,2,1.6769230769230767,2.3846153846153846,0.9692307692307691,2.5846153846153843
1005698,2023-05-10T23:00:00+00:00,FT,Cuiaba,Atletico-MG,0,4,1.4153846153846152,1.4000000000000001,0.676923076923077,1.3538461538461537
1005689,2023-05-10T23:00:00+00:00,FT,Flamengo,Goias,2,0,1.523076923076923,2.0307692307692307,0.5538461538461539,2.784615384615384
1005694,2023-05-11T00:30:00+00:00,FT,Cruzeiro,Fluminense,0,2,1.9692307692307691,0.6615384615384616,1.7076923076923078,1.523076923076923
1005691,2023-05-11T00:30:00+00:00,FT,Palmeiras,Gremio,4,1,3.2461538461538457,0.7692307692307694,1.9230769230769227,1.7076923076923076
1005696,2023-05-11T22:00:00+00:00,FT,Coritiba,Vasco DA Gama,1,1,0.6923076923076922,2.446153846153846,1.0307692307692307,1.1846153846153846
1005690,2023-05-11T22:30:00+00:00,FT,Botafogo,Corinthians,3,0,2.276923076923077,0.8615384615384617,1.123076923076923,1.6461538461538459
1005697,2023-05-11T23:00:00+00:00,FT,Fortaleza EC,Sao Paulo,0,0,2.1999999999999997,1.0923076923076922,1.7846153846153847,0.5230769230769232
1005707,2023-05-13T19:00:00+00:00,FT,Bahia,Flamengo,2,3,1.127962085308057,1.786729857819905,1.7061611374407581,1.2511848341232228
1005701,2023-05-13T21:30:00+00:00,FT,Palmeiras,RB Bragantino,1,1,3.535545023696682,0.8578199052132702,1.8009478672985781,2.2369668246445498
1005699,2023-05-13T21:30:00+00:00,FT,Fluminense,Cuiaba,2,0,1.8199052132701425,0.9383886255924171,0.8720379146919431,2.3981042654028437
1005704,2023-05-14T00:00:00+00:00,FT,Atletico-MG,Internacional,2,0,1.9526066350710898,0.8341232227488151,0.47393364928909965,1.4691943127962084
1005705,2023-05-14T19:00:00+00:00,FT,Gremio,Fortaleza EC,0,0,1.5687203791469193,2.5876777251184833,1.3554502369668247,0.6729857819905213
1005702,2023-05-14T19:00:00+00:00,FT,Corinthians,Sao Paulo,1,1,0.6919431279620853,2.1658767772511847,1.0995260663507112,0.32227488151658784
1005700,2023-05-14T19:00:00+00:00,FT,Vasco DA Gama,Santos,0,1,1.018957345971564,1.113744075829384,1.9194312796208528,0.9289099526066349
1005703,2023-05-14T21:30:00+00:00,FT,Goias,Botafogo,2,1,0.3412322274881517,2.4834123222748814,2.5545023696682465,0.5308056872037916
1005708,2023-05-14T21:30:00+00:00,FT,America Mineiro,Cruzeiro,0,4,1.3649289099526065,2.3601895734597154,1.2132701421800949,1.1753554502369667
1005706,2023-05-14T21:30:00+00:00,FT,Atletico Paranaense,Coritiba,3,2,1.6018957345971565,0.8246445497630333,0.81042654028436,1.890995260663507
1005717,2023-05-20T19:00:00+00:00,FT,Bahia,Goias,1,1,1.4466165413533836,2.2300751879699248,0.9473684210526314,1.9413533834586467
1005710,2023-05-20T21:30:00+00:00,FT,Botafogo,Fluminense,1,0,1.986466165413534,1.0676691729323309,1.8857142857142861,0.5954887218045114
1005718,2023-05-20T21:30:00+00:00,FT,America Mineiro,Fortaleza EC,2,1,0.8661654135338346,2.9593984962406013,0.8601503759398498,0.4270676691729324
1005711,2023-05-20T21:30:00+00:00,FT,Sao Paulo,Vasco DA Gama,4,2,1.0631578947368423,0.5699248120300753,0.6466165413533836,1.0721804511278197
1005716,2023-05-20T21:30:00+00:00,FT,Coritiba,Atletico-MG,1,2,1.245112781954887,2.2962406015037593,1.9699248120300752,0.5293233082706768
1005713,2023-05-20T21:30:00+00:00,FT,RB Bragantino,Atletico Paranaense,2,0,1.5082706766917295,1.784962406015038,2.112781954887218,1.2541353383458647
1005712,2023-05-21T00:00:00+00:00,FT,Santos,Palmeiras,0,0,1.5834586466165415,0.5894736842105264,2.6090225563909777,0.9097744360902257
1005709,2023-05-21T19:00:00+00:00,FT,Flamengo,Corinthians,1,0,2.1789473684210527,1.5248120300751882,0.8045112781954887,1.7398496240601506
1005715,2023-05-21T21:30:00+00:00,FT,Gremio,Internacional,3,1,0.9954887218045114,1.642105263157895,0.30075187969924827,1.663157894736842
1005714,2023-05-22T23:00:00+00:00,FT,Cruzeiro,Cuiaba,0,1,2.2315789473684213,0.7458646616541355,0.5533834586466166,2.2526315789473688
1005726,2023-05-27T19:00:00+00:00,FT,Atletico Paranaense,Gremio,1,2,1.3647401651287034,1.518212724623604,1.705196697425935,1.414764448761535
1005727,2023-05-27T19:00:00+00:00,FT,Fortaleza EC,Vasco DA Gama,2,0,0.9096648858669258,0.9839728023312287,1.125789218067023,2.1087906750849927
1005719,2023-05-27T21:30:00+00:00,FT,Flamengo,Cruzeiro,1,1,1.7615347255949494,0.9849441476444879,1.441476444876154,0.8358426420592522
1005728,2023-05-27T21:30:00+00:00,FT,Cuiaba,Coritiba,1,1,0.7115104419621175,1.455075279261778,1.1583292860611947,2.1913550267119963
1005721,2023-05-28T00:00:00+00:00,FT,Sao Paulo,Goias,2,1,2.1029626032054396,1.0762506070908207,0.9660029140359397,1.608062166100049
1005725,2023-05-28T19:00:00+00:00,FT,Internacional,Bahia,2,0,0.5483244293346285,2.1364740165128704,1.2884895580378826,1.7945604662457504
1005722,2023-05-28T19:00:00+00:00,FT,Corinthians,Fluminense,2,0,0.5196697425934921,1.4779018941233613,1.2180670228266153,0.7387081107333658
1005723,2023-05-28T21:30:00+00:00,FT,RB Bragantino,Santos,2,0,1.682370082564352,1.1529868868382713,1.0228266148615834,0.3807673627974746
1005724,2023-05-28T21:30:00+00:00,FT,Atletico-MG,Palmeiras,1,1,1.9805730937348227,0.6959689169499758,1.6852841185041287,0.5876639145216126
1005720,2023-05-28T22:00:00+00:00,FT,Botafogo,America Mineiro,2,0,1.6372025254978149,0.6896551724137933,1.267605633802817,2.2656629431762996
1005737,2023-06-03T19:00:00+00:00,FT,Fortaleza EC,Bahia,0,0,1.2878667724028547,0.6426645519429025,0.8415543219666932,1.8658207771609834
1005738,2023-06-03T21:30:00+00:00,FT,America Mineiro,Corinthians,2,0,0.8279143536875497,2.1735130848532913,1.033148295003965,0.965265662172879
1005736,2023-06-03T21:30:00+00:00,FT,Atletico Paranaense,Botafogo,1,0,1.238223632038065,1.685329103885805,1.7630452022204604,0.45043616177636814
1005734,2023-06-03T21:30:00+00:00,FT,Cruzeiro,Atletico-MG,0,1,1.288342585249802,0.8927835051546393,1.6404440919904837,0.8014274385408405
1005732,2023-06-04T00:00:00+00:00,FT,Santos,Internacional,1,1,0.6680412371134022,0.942426645519429,1.0518636003172086,1.395400475812847
1005729,2023-06-04T19:00:00+00:00,FT,Fluminense,RB Bragantino,2,1,0.795559080095163,1.1762093576526567,1.7925455987311663,0.7530531324345761
1005735,2023-06-04T19:00:00+00:00,FT,Gremio,Sao Paulo,2,1,1.807454401268834,1.2708961141950834,2.0672482157018237,1.0498017446471053
1005731,2023-06-04T21:30:00+00:00,FT,Palmeiras,Coritiba,3,1,1.4475812846946872,0.730689928628073,1.103409992069786,1.7781126090404442
1005733,2023-06-04T21:30:00+00:00,FT,Goias,Cuiaba,0,1,0.9777954004758128,1.7440126883425857,0.8115781126090404,1.297224425059477
1005730,2023-06-05T23:00:00+00:00,FT,Vasco DA Gama,Flamengo,1,4,0.7352894528152262,2.0710547184773986,1.4973830293417925,0.9901665344964317
1005746,2023-06-10T19:00:00+00:00,FT,Coritiba,Santos,0,0,1.068019404308591,2.1962860570653593,0.7816493662302436,0.9621303009754317
1005742,2023-06-10T21:30:00+00:00,FT,Corinthians,Cuiaba,1,1,0.6795680976474884,1.3193886599551408,0.8760628031923217,0.8532679568097652
1005744,2023-06-10T21:30:00+00:00,FT,Atletico-MG,RB Bragantino,1,1,1.421261280058422,0.527150383391581,1.5213082259663036,1.1798028271868972
1005747,2023-06-10T21:30:00+00:00,FT,Bahia,Cruzeiro,2,2,0.5535444160450682,1.2272703562672789,0.8474257993844874,0.9294768139377185
1005740,2023-06-11T00:00:00+00:00,FT,Botafogo,Fortaleza EC,2,0,1.1596682489176364,0.6385165093109386,0.8471128266652757,0.4227218194147411
1005748,2023-06-11T14:00:00+00:00,FT,America Mineiro,Atletico Paranaense,2,2,1.2290438683428095,1.4296593813572587,1.1566950080851288,1.1085493714464558
1005745,2023-06-11T19:00:00+00:00,FT,Internacional,Vasco DA Gama,2,1,1.0341140263940327,1.260080329664598,0.8258828438787754,2.7312085963173542
1005741,2023-06-11T19:00:00+00:00,FT,Sao Paulo,Palmeiras,0,2,1.7019978091909658,1.3749934797350163,1.9788743414532368,0.8228574409263993
1005739,2023-06-11T21:30:00+00:00,FT,Flamengo,Gremio,3,0,2.353867821188253,0.9935318971362999,1.8733503729591572,1.178185801470972
1005743,2023-06-11T21:30:00+00:00,FT,Goias,Fluminense,2,2,0.6431589379792396,1.4893850086067502,1.2077617234364406,1.1159042303479214
1005751,2023-06-21T22:00:00+00:00,FT,Sao Paulo,Atletico Paranaense,2,1,1.1246531667384752,1.587005601034037,1.4427574321413184,1.4109435588108572
1005754,2023-06-21T22:00:00+00:00,FT,Cruzeiro,Fortaleza EC,0,1,1.2383972425678589,1.2926152520465317,0.5597587246876347,0.9577595863851788
1005752,2023-06-21T23:00:00+00:00,FT,Santos,Corinthians,0,2,0.5165015079707024,0.6357604480827231,0.7882636794485135,1.211046962516157
1005749,2023-06-22T00:30:00+00:00,FT,Fluminense,Atletico-MG,1,1,1.4765015079707025,1.4158035329599312,1.2783627746660924,0.6875484704868591
1005757,2023-06-22T00:30:00+00:00,FT,Bahia,Palmeiras,1,0,1.0442050840155106,1.4893925032313657,1.9860404997845758,0.5437311503662215
1005755,2023-06-22T22:00:00+00:00,FT,Gremio,America Mineiro,3,1,1.2378802240413616,1.7961740629039207,1.490564411891426,1.623127962085308
1005750,2023-06-22T23:00:00+00:00,FT,Vasco DA Gama,Goias,0,1,0.8849461439034899,2.483171046962516,1.1034209392503231,1.662593709607928
1005756,2023-06-22T23:00:00+00:00,FT,Coritiba,Internacional,0,1,0.7057302886686774,1.451271003877639,1.3617578629900906,1.1718569582076694
1005758,2023-06-22T23:00:00+00:00,FT,Cuiaba,Botafogo,0,1,0.9181042654028435,0.9030417923308921,1.444722102542008,0.42192158552348147
1005753,2023-06-23T00:30:00+00:00,FT,RB Bragantino,Flamengo,4,0,1.344472210254201,1.1188108573890567,2.5730461008186127,0.6565101249461441
1005766,2023-06-24T19:00:00+00:00,FT,Atletico Paranaense,Corinthians,1,0,1.2934454223039538,1.6095922877914777,1.1969000394062785,0.8026430762026057
1005759,2023-06-24T21:30:00+00:00,FT,Fluminense,Bahia,2,1,1.3158099132490764,1.2755812426113229,1.029297711580306,0.9871215712254212
1005767,2023-06-24T21:30:00+00:00,FT,Fortaleza EC,Atletico-MG,2,1,0.7082222057236192,0.6347723287968521,1.1844899171325936,0.7929171497267259
1005764,2023-06-25T00:00:00+00:00,FT,Cruzeiro,Sao Paulo,1,0,0.8207699644201283,1.1939360019189145,1.4198482001610517,1.3890484811449522
1005765,2023-06-25T19:00:00+00:00,FT,Gremio,Coritiba,5,1,1.8321235415393575,1.527678627519289,0.46773539540488535,1.2990879445342352
1005761,2023-06-25T19:00:00+00:00,FT,Palmeiras,Botafogo,0,1,1.3162839308048593,0.697599643630175,1.2947475428186344,0.2796360915824763
1005763,2023-06-25T21:30:00+00:00,FT,RB Bragantino,Goias,2,0,2.2400013706531734,0.7415119446713005,1.0685440807771602,1.101913774493287
1005768,2023-06-25T21:30:00+00:00,FT,America Mineiro,Internacional,1,2,1.3251303548278404,2.087453383514469,1.2397615063478375,0.7766691985676677
1005762,2023-06-25T21:30:00+00:00,FT,Santos,Flamengo,2,3,0.34232063004357544,1.0958257899816677,1.7053324119498114,1.7840421704293
1005760,2023-06-27T00:00:00+00:00,FT,Vasco DA Gama,Cuiaba,1,0,0.586513914985237,1.9829981895956004,0.6084900541979109,0.9357392103895512
1005771,2023-07-01T19:00:00+00:00,FT,Sao Paulo,Fluminense,1,0,0.9428893798177665,1.2583583801875433,1.5456446918051752,1.1830073291678127
1005777,2023-07-01T21:30:00+00:00,FT,Bahia,Gremio,1,2,1.0194559538821835,1.3273701277152528,2.896284216215191,1.350419554561056
1005769,2023-07-01T21:30:00+00:00,FT,Flamengo,Fortaleza EC,2,0,2.1402402601712356,1.8565872436450521,1.142159307474234,0.7574604860195888
1005775,2023-07-02T00:00:00+00:00,FT,Internacional,Cruzeiro,0,0,1.495142648550759,0.8516910182138829,0.8809773487944327,0.7928661502431995
1005772,2023-07-02T14:00:00+00:00,FT,Corinthians,RB Bragantino,0,1,0.7948345011330344,0.8689396884392573,2.159379533322588,0.4924214698157755
1005774,2023-07-02T19:00:00+00:00,FT,Atletico-MG,America Mineiro,2,2,1.122515620703714,1.198403322303236,1.2159117845054,2.0580758327091377
1005770,2023-07-02T19:00:00+00:00,FT,Botafogo,Vasco DA Gama,2,0,1.1957352397386913,0.18570006352577545,0.7254131545762262,1.3168646711355947
1005776,2023-07-02T19:00:00+00:00,FT,Atletico Paranaense,Palmeiras,2,2,1.1948705306772607,1.0688941774360239,0.8741146687652299,0.7991826982336042
1005778,2023-07-02T21:30:00+00:00,FT,Cuiaba,Santos,3,0,0.4040846125401778,0.9573258493016906,0.8991722686286967,1.7354805677497653
1005773,2023-07-03T23:00:00+00:00,FT,Goias,Coritiba,1,2,0.7095961846608957,1.4036010581308254,0.6465350008059241,2.542307218234742
1005780,2023-07-08T19:00:00+00:00,FT,Vasco DA Gama,Cruzeiro,0,1,0.48235990595984823,1.5457525261154346,0.5858015510698676,0.5272124433606052
1005788,2023-07-08T19:00:00+00:00,FT,Cuiaba,Bahia,1,1,1.2738588426807118,0.6365691106220105,1.0129371407531913,1.5527380777501985
1005786,2023-07-08T21:30:00+00:00,FT,Coritiba,America Mineiro,3,1,1.1000201118318726,2.0255495920576547,1.4786244011371068,2.0386172390552866
1005784,2023-07-08T21:30:00+00:00,FT,Atletico-MG,Corinthians,0,1,1.4165210818021967,1.4669822353891324,0.5285212885947,0.9128520910315733
1005781,2023-07-09T00:00:00+00:00,FT,Palmeiras,Flamengo,1,1,1.2513480916771693,1.2015224467588113,2.093252070604509,1.2345285477681227
1005782,2023-07-09T14:00:00+00:00,FT,Santos,Goias,4,3,0.5979001734409076,2.159164028696243,0.8068974126348959,1.6034274596486673
1005779,2023-07-09T19:00:00+00:00,FT,Fluminense,Internacional,2,0,1.0277688286780855,1.1216898225934682,0.9941877436352987,0.5663277497255903
1005783,2023-07-09T19:00:00+00:00,FT,RB Bragantino,Sao Paulo,0,0,1.770923713110708,0.3274332321857402,0.9620245742627817,0.8367392100652469
1005785,2023-07-09T21:30:00+00:00,FT,Gremio,Botafogo,0,2,2.595979777206296,1.2330097577060155,1.4652081070226863,0.12348034304858813
1005787,2023-07-09T21:30:00+00:00,FT,Fortaleza EC,Atletico Paranaense,1,0,0.7594732087072252,1.1737794671436346,1.4646331229892111,1.3808657670772466
1005790,2023-07-16T00:00:00+00:00,FT,Botafogo,RB Bragantino,2,0,1.64408481124327,0.08217875061495815,1.1785867659970402,0.21791366355577438
1005794,2023-07-16T14:00:00+00:00,FT,Cruzeiro,Coritiba,0,0,0.7243422701997342,0.35087090652951763,1.7355236505800276,1.6825247005980173
1005789,2023-07-16T19:00:00+00:00,FT,Fluminense,Flamengo,0,0,1.3529598234375346,0.7465080345782151,1.727582115917371,1.1560836531814707
1005791,2023-07-16T19:00:00+00:00,FT,Sao Paulo,Santos,4,1,0.6402474727713868,0.556867442833811,1.7358314180907295,2.4404060768873315
1005797,2023-07-16T19:00:00+00:00,FT,Fortaleza EC,Cuiaba,0,1,0.8399243903129809,0.7811747823651526,1.182258786951245,0.7581291427720266
1005795,2023-07-16T21:30:00+00:00,FT,Internacional,Palmeiras,0,0,0.6616527346097889,1.0458611353830887,1.1672774113962094,1.134117402710746
1005796,2023-07-16T21:30:00+00:00,FT,Atletico Paranaense,Bahia,2,0,0.9747439728862491,1.253474132948432,1.0086099377227093,1.3678587500275354
1005793,2023-07-17T23:00:00+00:00,FT,Goias,Atletico-MG,0,0,1.5404443642565904,2.405030855423747,0.9427244033201969,1.310786443543963
1005801,2023-07-22T19:00:00+00:00,FT,Palmeiras,Fortaleza EC,3,1,0.7772943528978031,0.7552129802595521,0.5593087633474362,0.8542834768508466
1005799,2023-07-22T19:00:00+00:00,FT,Flamengo,America Mineiro,1,1,1.1504033315127775,0.7698403878308252,1.3185345483191846,2.360179667413883
1005808,2023-07-22T21:30:00+00:00,FT,Cuiaba,Sao Paulo,2,1,1.12136680148188,0.5048410049664928,1.7627283445627344,0.7049163884200902
1005807,2023-07-22T21:30:00+00:00,FT,Bahia,Corinthians,0,0,0.6716370943310903,1.5790547996216018,0.686221057633505,0.607522156848142
1005805,2023-07-23T00:00:00+00:00,FT,Gremio,Atletico-MG,1,0,1.7276788308610884,1.4895519538621467,0.6277636728729724,0.8728575490919724
1005802,2023-07-23T19:00:00+00:00,FT,Santos,Botafogo,2,2,1.4899928674903198,2.9614606284557587,1.7629947571758002,0.05472313449876399
1005804,2023-07-23T19:00:00+00:00,FT,Cruzeiro,Goias,0,1,0.4823422013435326,0.2336462366005249,1.025787609354729,1.6015189570316413
1005803,2023-07-23T19:00:00+00:00,FT,RB Bragantino,Internacional,0,0,0.7848252940265532,0.8133021061055639,0.44059700733556734,0.6964428048651945
1005800,2023-07-23T21:30:00+00:00,FT,Vasco DA Gama,Atletico Paranaense,0,2,0.3210206048984756,1.3632097193273593,1.317278213071276,0.8346930691298824
1005806,2023-07-24T22:00:00+00:00,FT,Coritiba,Fluminense,2,0,1.1556916288672527,1.1203994317182868,0.900940959011365,0.4971024659651603
1005815,2023-07-29T19:00:00+00:00,FT,Internacional,Cuiaba,1,2,0.29350740329751274,0.463941233821264,1.4146911026301392,0.6701456695528522
1005809,2023-07-29T19:00:00+00:00,FT,Fluminense,Santos,1,0,0.6001693997036148,0.9988321634222045,1.6602544578517322,2.6404850866722267
1005816,2023-07-29T19:00:00+00:00,FT,Atletico Paranaense,Cruzeiro,3,3,1.545199137715724,0.5560378104977798,0.3213163154994447,0.48948699297145953
1005812,2023-07-29T21:30:00+00:00,FT,Corinthians,Vasco DA Gama,3,1,0.45695714466030274,0.40455125505557066,0.21376881015195515,1.5759589928541489
1005817,2023-07-29T21:30:00+00:00,FT,Fortaleza EC,RB Bragantino,0,3,0.7064298250501936,1.57061288561495,0.5228179725617155,0.5417880405112144
1005814,2023-07-30T00:00:00+00:00,FT,Atletico-MG,Flamengo,1,2,0.41819005222866723,0.9153029866440398,1.1001924446708486,0.8466772379588884
1005811,2023-07-30T14:00:00+00:00,FT,Sao Paulo,Bahia,0,0,1.5080979037688238,1.1372691562598845,0.44741670105186737,1.051900639779941
1005810,2023-07-30T19:00:00+00:00,FT,Botafogo,Coritiba,4,1,1.842116963503915,0.7041374499097686,1.4375568751768943,0.746363507660387
1005818,2023-07-30T19:00:00+00:00,FT,America Mineiro,Palmeiras,1,4,1.2121133358652079,1.9057486798640335,1.5193259329634585,0.8369330673409775
1005813,2023-07-30T21:30:00+00:00,FT,Goias,Gremio,1,1,1.0171786329297343,1.0668653272356268,1.4845640294495606,0.9918981647216476
1005822,2023-08-05T19:00:00+00:00,FT,Santos,Atletico Paranaense,1,1,1.1062740376955298,2.093101152073074,2.0306254463881155,1.3715195543855123
1005825,2023-08-05T21:30:00+00:00,FT,Internacional,Corinthians,2,2,0.5292441987673566,0.9764810295423288,1.305930606613103,0.6033368088850972
1005823,2023-08-05T21:30:00+00:00,FT,Goias,Fortaleza EC,1,0,1.0114466041776855,1.0445542399798788,0.4707139747229132,2.0475593382795014
1005819,2023-08-06T00:00:00+00:00,FT,Fluminense,Palmeiras,2,1,0.7335816744883508,0.6655498409798114,2.3470574023345376,0.8913439363742205
1005821,2023-08-06T19:00:00+00:00,FT,Sao Paulo,Atletico-MG,0,2,1.004887864840471,0.7577942859856287,0.612323739262685,1.2772360050192122
1005820,2023-08-06T19:00:00+00:00,FT,Vasco DA Gama,Gremio,1,0,0.476245478108619,2.0513631022504386,1.3227964049851118,0.9946028942664099
1005826,2023-08-06T21:30:00+00:00,FT,Coritiba,RB Bragantino,0,1,1.2915563989207552,1.8320108929377696,1.3493842461071215,0.36100854318863473
1005827,2023-08-06T21:30:00+00:00,FT,Bahia,America Mineiro,3,1,0.2981262770078739,0.7009108528638499,1.1413010832530561,2.604896863592756
1005824,2023-08-06T21:30:00+00:00,FT,Cruzeiro,Botafogo,0,0,1.215118049316385,1.327174881032221,2.562142105163736,0.8028584977782689
1005828,2023-08-06T23:00:00+00:00,FT,Cuiaba,Flamengo,3,0,1.609992291163419,0.7802088226480102,1.4004330283979756,0.8978367501248421
1005830,2023-08-13T00:00:00+00:00,FT,Botafogo,Internacional,3,1,1.7075164633220035,0.5350577939886586,1.0198280809367546,1.3178850271198466
1005834,2023-08-13T14:00:00+00:00,FT,Atletico-MG,Bahia,1,0,1.0751956902801616,0.8512023988531101,1.1993606621084196,0.8006747394273526
1005838,2023-08-13T19:00:00+00:00,FT,America Mineiro,Goias,0,1,1.0941528686532642,2.7367317160617772,1.0076284859622489,0.696133738251206
1005835,2023-08-13T19:00:00+00:00,FT,Gremio,Fluminense,2,1,0.8814162871669255,0.9964037573135059,1.156006945943526,0.7771087124571731
1005832,2023-08-13T19:00:00+00:00,FT,Corinthians,Coritiba,3,1,1.5375221270259165,1.069364204728797,0.8607460960191884,1.554486144422381
1005837,2023-08-13T21:30:00+00:00,FT,Fortaleza EC,Santos,4,0,0.3137030767088335,1.698136458869303,1.070825372497137,1.7284873893135382
1005829,2023-08-13T21:30:00+00:00,FT,Flamengo,Sao Paulo,1,1,0.9333059423012051,1.599032290005269,0.6696984408278739,1.1721432221743793
1005831,2023-08-14T22:00:00+00:00,FT,Palmeiras,Cruzeiro,1,0,1.8977342384289817,1.261146180382603,0.8098044483582034,0.8844837116968252
1005833,2023-08-15T00:00:00+00:00,FT,RB Bragantino,Vasco DA Gama,1,1,1.2328439749890967,0.2405908827820824,0.6510076952638942,1.366880679749926
1005836,2023-08-15T23:00:00+00:00,FT,Atletico Paranaense,Cuiaba,2,0,1.6868510195744328,1.2475958512530576,2.0736419177533163,0.519963122582312
1005841,2023-08-19T19:00:00+00:00,FT,Sao Paulo,Botafogo,0,0,0.7798486485384317,1.1147362522345512,2.1385387400087676,0.690108471599496
1005845,2023-08-19T19:00:00+00:00,FT,Internacional,Fortaleza EC,0,1,1.0132157378428877,1.8788430623171093,1.5430232555206875,1.1318355181951183
1005839,2023-08-19T21:30:00+00:00,FT,Fluminense,America Mineiro,3,1,1.1039811621626685,1.1849231038511852,0.7291882963287284,2.1574291650616493
1005848,2023-08-19T21:30:00+00:00,FT,Cuiaba,Palmeiras,0,2,1.3821160026763681,1.0135313935752073,1.5983544441595254,0.840574403274736
1005844,2023-08-20T00:00:00+00:00,FT,Cruzeiro,Corinthians,1,1,0.5397478115831223,0.9230065184993101,2.0253448314539106,1.0462271477061924
1005840,2023-08-20T14:00:00+00:00,FT,Vasco DA Gama,Atletico-MG,1,0,0.7674172307973885,1.244504315153016,1.050119148334496,0.567340217662088
1005847,2023-08-20T19:00:00+00:00,FT,Bahia,RB Bragantino,4,0,0.7993933522893649,0.8671464778868027,1.1551942894305873,0.4938414947637653
1005842,2023-08-20T19:00:00+00:00,FT,Santos,Gremio,2,1,0.7137224950601331,2.485999968156309,1.2545299882403413,0.9976033165448106
1005846,2023-08-20T19:00:00+00:00,FT,Coritiba,Flamengo,2,3,0.9071850122823694,2.0365415480948466,0.9555473278005507,1.3992647462649552
1005843,2023-08-21T23:00:00+00:00,FT,Goias,Atletico Paranaense,1,1,1.0050845097383252,0.4639844379121831,1.791281120736173,0.8315428889273759
1005849,2023-08-26T21:30:00+00:00,FT,Flamengo,Internacional,0,0,1.6372365553548511,1.5995700683943828,0.6753755603381103,1.5858072506111387
1005852,2023-08-27T00:00:00+00:00,FT,Corinthians,Goias,1,1,1.6834089761019864,1.0308111444197827,1.0033891633196272,0.6427100398522027
1005853,2023-08-27T14:00:00+00:00,FT,RB Bragantino,Cuiaba,2,0,0.770013691442036,1.6629125696867748,0.921272079475501,1.3424531785910656
1005850,2023-08-27T19:00:00+00:00,FT,Botafogo,Bahia,3,0,1.4254780555551714,0.46000311512419345,1.8665831694230584,0.5780107005096982
1005858,2023-08-27T19:00:00+00:00,FT,America Mineiro,Sao Paulo,2,1,0.8194996030164927,2.438412859816032,0.5198209012296566,0.7430457234951248
1005854,2023-08-27T19:00:00+00:00,FT,Atletico-MG,Santos,2,0,0.6999741335819677,0.711603529220405,1.1426106423311644,1.9905176397009379
1005851,2023-08-27T21:30:00+00:00,FT,Palmeiras,Vasco DA Gama,1,0,1.7322765703278733,0.5602986485643962,0.8449798084666446,0.8294823299272238
1005856,2023-08-27T21:30:00+00:00,FT,Atletico Paranaense,Fluminense,2,2,1.5274414029927241,0.8877121509918211,1.736177561017551,1.1232635264320412
1005857,2023-08-27T21:30:00+00:00,FT,Fortaleza EC,Coritiba,3,1,1.3619610530869761,0.754443519540096,1.2715662547376205,2.3577909743059777
1005855,2023-08-27T22:00:00+00:00,FT,Gremio,Cruzeiro,3,0,1.169648369323644,1.3318863370903617,0.69321135860891,0.9486787327034458
1005866,2023-09-02T19:00:00+00:00,FT,Atletico Paranaense,Atletico-MG,1,1,1.6849925220864153,1.258549114863319,1.13340298537313,0.47435478781623885
1005863,2023-09-02T19:00:00+00:00,FT,Goias,Internacional,0,0,1.0022592156746577,0.7618305752074382,0.45020523011097974,1.0570988352252957
1005860,2023-09-03T00:00:00+00:00,FT,Botafogo,Flamengo,1,2,1.9504239478865675,0.30663799589161556,1.0913816007505976,1.0662731271466364
1005865,2023-09-03T14:00:00+00:00,FT,Gremio,Cuiaba,2,0,1.7799491144742732,0.8877906724328429,0.61411980665609,1.5616794041333806
1005862,2023-09-03T19:00:00+00:00,FT,Corinthians,Palmeiras,0,0,1.4555374565713108,1.0205376734193563,1.4881354333939705,0.3734949808985129
1005859,2023-09-03T19:00:00+00:00,FT,Fluminense,Fortaleza EC,1,0,1.8241360084290408,1.4155676204336607,1.9080835251774042,0.8363120931776851
1005867,2023-09-03T21:30:00+00:00,FT,Bahia,Vasco DA Gama,1,1,1.2442640134782068,1.3855023575957006,0.5632351436156239,0.8863386516102381
1005868,2023-09-03T21:30:00+00:00,FT,America Mineiro,Santos,2,0,1.213118107709726,1.9587976725115133,0.7616640538494313,1.9936790602871428
1005864,2023-09-03T21:30:00+00:00,FT,Cruzeiro,RB Bragantino,0,0,0.4620945701112286,1.6325896028685787,1.1800913423629469,1.1084972274026035
1005875,2023-09-14T00:30:00+00:00,FT,Internacional,Sao Paulo,2,1,0.30011675967195545,0.7046854542374116,0.6799126969472207,1.1621144996577022
1005869,2023-09-14T00:30:00+00:00,FT,Flamengo,Atletico Paranaense,0,3,1.3942948870366771,1.0441791317432563,1.456631159254677,1.1723545560536994
1005872,2023-09-14T22:00:00+00:00,FT,Santos,Cruzeiro,0,3,0.5077420974064385,1.9957863218420702,0.3080424565694199,1.088320323080789
1005877,2023-09-14T22:00:00+00:00,FT,Fortaleza EC,Corinthians,2,1,1.271970662398839,0.8908820224480994,0.9702610133579336,0.6802902341752965
1005876,2023-09-14T23:00:00+00:00,FT,Coritiba,Bahia,2,4,1.18102601779567,2.5719035760678377,1.1628317916508328,1.2569843943816492
1005873,2023-09-15T00:30:00+00:00,FT,RB Bragantino,Gremio,2,0,0.7866749786527155,0.7389487587947563,1.8533141182890323,0.5918011065915909
1005878,2023-09-15T23:00:00+00:00,FT,Cuiaba,America Mineiro,2,2,0.4093858402723575,1.7078058002645973,1.475464668559586,1.3057341850694377
1005871,2023-09-16T00:30:00+00:00,FT,Palmeiras,Goias,1,0,0.9920239800704336,0.24898001161241254,0.6681281514332589,0.5078531042251929
1005870,2023-09-16T19:00:00+00:00,FT,Vasco DA Gama,Fluminense,4,2,0.7088526233100927,0.9242333650910918,1.5493872834789864,0.9436486715988728
1005874,2023-09-17T00:00:00+00:00,FT,Atletico-MG,Botafogo,1,0,1.088929379365228,0.6495932804272846,1.633573615935182,0.8711674506772402
1005887,2023-09-18T23:00:00+00:00,FT,Bahia,Santos,1,2,2.1086388037006096,1.5046783336370695,0.3384796495097401,2.3305540439683217
1005792,2023-09-19T00:00:00+00:00,FT,Corinthians,Gremio,4,4,0.9801753340254523,1.120252293539302,1.2354601649076367,1.0612634847463134
1005888,2023-09-20T00:30:00+00:00,FT,America Mineiro,RB Bragantino,0,2,1.6503331514683952,1.537187058718516,1.1911526933361998,0.4926105559498067
1005883,2023-09-20T22:00:00+00:00,FT,Goias,Flamengo,0,0,0.44539892138132625,0.6719166883343581,0.9294885082172282,1.696177517340158
1005879,2023-09-21T00:30:00+00:00,FT,Fluminense,Cruzeiro,1,0,1.6996049074288746,1.96252323433459,1.2054416002734831,0.7255145543227144
1005881,2023-09-21T00:30:00+00:00,FT,Sao Paulo,Fortaleza EC,1,2,0.7866227271934294,1.4414470012335097,1.5146687338261184,0.9272579228989677
1005880,2023-09-21T22:00:00+00:00,FT,Vasco DA Gama,Coritiba,5,1,1.8060483969687613,1.282870177779858,1.4540538373261183,3.047999350998266
1005886,2023-09-21T22:30:00+00:00,FT,Atletico Paranaense,Internacional,2,1,1.9711332841059275,0.7815348801313932,0.8667950001925101,0.8031324082532506
1005885,2023-09-22T00:30:00+00:00,FT,Gremio,Palmeiras,1,0,2.157055561834311,2.040929616107248,0.9946828903019219,0.1659792786455523
1005882,2023-09-22T23:00:00+00:00,FT,Corinthians,Botafogo,1,0,1.9868732576221264,2.080253736418007,1.089000553222766,0.9141154606581553
1005884,2023-09-24T00:00:00+00:00,FT,Atletico-MG,Cuiaba,1,0,1.0592836113302733,0.43304289127498574,0.9396378081708083,1.805212546250525
1005798,2023-09-25T23:00:00+00:00,FT,America Mineiro,Vasco DA Gama,0,1,1.100173079082262,1.6914717866536664,2.870793805226486,1.1885717160754574
1005861,2023-09-27T22:00:00+00:00,FT,Sao Paulo,Coritiba,2,1,0.8577548230059437,1.6276479255495777,1.302689070891974,3.6987242167001106
1005889,2023-09-30T19:00:00+00:00,FT,Flamengo,Bahia,1,0,0.6196405995233215,1.130751423445252,1.739070582268368,1.669795364236728
1005897,2023-09-30T19:00:00+00:00,FT,Fortaleza EC,Gremio,1,1,1.6764554331971218,0.9515067223887386,1.771347462263888,1.3605793290927288
1005891,2023-09-30T21:30:00+00:00,FT,Sao Paulo,Corinthians,2,1,1.238525834350815,1.418419521531316,1.6578959627799876,1.3867946305942198
1005898,2023-09-30T21:30:00+00:00,FT,Cuiaba,Fluminense,3,0,0.626406598513498,1.536792419154653,1.4663894178747316,1.3083099605329727
1005895,2023-10-01T00:00:00+00:00,FT,Internacional,Atletico-MG,0,2,0.911199304552427,1.2021119728285374,1.0395212336051958,0.2886866856305811
1005892,2023-10-01T19:00:00+00:00,FT,Santos,Vasco DA Gama,4,1,0.8923526681651326,1.8870096813612538,2.2471588242424376,0.792357607667525
1005894,2023-10-01T19:00:00+00:00,FT,Cruzeiro,America Mineiro,1,1,0.8036038630713741,0.817015138308574,0.7334269334964498,1.4609674984119383
1005896,2023-10-01T19:00:00+00:00,FT,Coritiba,Atletico Paranaense,2,0,1.2017867200062533,3.1324491725882013,1.9807560943629308,0.8543609128530711
1005893,2023-10-01T21:30:00+00:00,FT,RB Bragantino,Palmeiras,2,1,1.460784479212896,0.3283972825072495,0.6631022299182947,0.44400270124247215
1005890,2023-10-02T23:00:00+00:00,FT,Botafogo,Goias,1,1,0.7259788041644949,0.9427453411450596,0.29692379435773025,0.44793115343382295
1005903,2023-10-07T19:00:00+00:00,FT,Goias,Bahia,4,6,0.5312918110440259,0.6319613902782185,1.1593574303044403,1.446521400700393
1005900,2023-10-07T21:30:00+00:00,FT,Vasco DA Gama,Sao Paulo,0,0,1.8314227521284654,1.8616140832768737,1.492360608631109,1.2789408240343065
1005902,2023-10-08T00:00:00+00:00,FT,Corinthians,Flamengo,1,1,1.4385886234826606,1.5912045154625802,0.7464320875616249,0.7538193549847964
1005905,2023-10-08T19:00:00+00:00,FT,Internacional,Gremio,3,2,0.6074541740814022,1.46808518165743,1.5142214587723455,1.2403814593037228
1005901,2023-10-08T19:00:00+00:00,FT,Palmeiras,Santos,1,2,0.7754059340778683,0.9626890085765382,1.9282761368839385,1.5913280779534513
1005899,2023-10-08T19:00:00+00:00,FT,Fluminense,Botafogo,0,2,0.9775735871027018,1.8722289727482422,0.8173228201937487,0.9618309832620827
1005906,2023-10-08T21:30:00+00:00,FT,Atletico Paranaense,RB Bragantino,1,1,1.3204779144875975,1.236255732416257,1.6405301044511964,0.5522737209882154
1005907,2023-10-08T21:30:00+00:00,FT,Fortaleza EC,America Mineiro,3,2,1.4509613587528722,0.9676717884301742,0.8222881414239008,1.3073055802690015
1005904,2023-10-08T21:30:00+00:00,FT,Atletico-MG,Coritiba,1,2,1.3596935019066287,0.1924539794004334,1.4678683507363122,2.0882580962034267
1005908,2023-10-15T00:00:00+00:00,FT,Cuiaba,Cruzeiro,0,0,1.4176357333665077,1.0245079918829523,0.8690718347185785,0.8780125078313541
1005915,2023-10-18T22:00:00+00:00,FT,Gremio,Atletico Paranaense,1,2,1.6761519143753214,1.8269364587532768,1.2136491225600674,1.1575017423937737
1005918,2023-10-18T23:00:00+00:00,FT,America Mineiro,Botafogo,1,2,1.2148691256442032,1.871551950417333,1.211558955189097,0.6412121907170718
1005916,2023-10-18T23:00:00+00:00,FT,Coritiba,Cuiaba,0,3,1.6452502502913404,1.7254958200302115,0.945078012716765,0.682996311529106
1005917,2023-10-19T00:30:00+00:00,FT,Bahia,Internacional,1,0,2.772947554604767,2.2977034062127752,1.4049905054782112,1.6453948023304876
1005910,2023-10-19T00:30:00+00:00,FT,Vasco DA Gama,Fortaleza EC,1,0,1.2209323836071486,1.241059672001081,1.9673212051344164,1.3117902775030936
1005913,2023-10-19T00:30:00+00:00,FT,Goias,Sao Paulo,2,0,1.6875584011077178,2.421354836044384,0.994893938594897,0.8526159604416474
1005911,2023-10-19T22:00:00+00:00,FT,Palmeiras,Atletico-MG,0,2,0.8502725993047537,1.308468468119313,1.2397925023812622,0.7949852272800408
1005914,2023-10-19T22:00:00+00:00,FT,Cruzeiro,Flamengo,0,2,0.5793735747006612,0.5853339447582828,0.8309569566175414,0.8358817365531591
1005912,2023-10-19T23:00:00+00:00,FT,Santos,RB Bragantino,1,3,1.9521847224765378,1.3942135145315147,1.4270144325174785,0.7015197542991577
1005909,2023-10-20T00:30:00+00:00,FT,Fluminense,Corinthians,3,3,0.6517071213981349,1.9148204396406452,1.292388555765906,1.3941311406250376
1005921,2023-10-21T21:30:00+00:00,FT,Sao Paulo,Gremio,3,0,0.6632567886024303,1.2350840387610138,1.4507639758759925,1.8846253212140593
1005928,2023-10-21T21:30:00+00:00,FT,Cuiaba,Goias,1,1,1.630064064880219,0.45532686715518744,1.791707433859959,1.614222351067804
1005927,2023-10-21T21:30:00+00:00,FT,Bahia,Fortaleza EC,2,0,2.181954634368823,1.531788789986872,1.311535927648488,1.2078583557019404
1005920,2023-10-22T00:00:00+00:00,FT,Botafogo,Atletico Paranaense,1,1,1.4743772626435154,0.7608102321833597,1.4757706952943055,1.1050002375197077
1005925,2023-10-22T19:00:00+00:00,FT,Internacional,Santos,7,1,0.9366520937864756,1.4302594149673666,1.6347842284354672,1.9294850976404638
1005919,2023-10-22T19:00:00+00:00,FT,Flamengo,Vasco DA Gama,1,0,1.220644829953497,0.5572495868460753,1.1472869595089814,0.8273658332645555
1005924,2023-10-22T19:00:00+00:00,FT,Atletico-MG,Cruzeiro,0,1,1.4931994617896651,0.5299854872739673,0.3862456505663164,1.0568975964717953
1005922,2023-10-22T21:30:00+00:00,FT,Corinthians,America Mineiro,1,1,1.8616023892124332,1.9294301821861073,1.1432448231073356,1.914368720560539
1005926,2023-10-22T21:30:00+00:00,FT,Coritiba,Palmeiras,0,2,1.096823847370836,2.1503380243114174,0.5668434109147206,1.5389830360206236
1005923,2023-10-22T21:30:00+00:00,FT,RB Bragantino,Fluminense,1,0,1.9513521838519927,0.8010149207418034,1.434485191899813,2.2765533266013667
1005931,2023-10-25T23:00:00+00:00,FT,Palmeiras,Sao Paulo,5,0,1.044567879544799,1.025982671152672,1.4421803322623343,0.8233845283068305
1005934,2023-10-25T23:00:00+00:00,FT,Cruzeiro,Bahia,3,0,0.590832834329499,0.7045942637332878,2.1213023778878295,1.0211865352695089
1005938,2023-10-26T00:30:00+00:00,FT,Cuiaba,Corinthians,0,1,1.4200402455082388,0.636886708520076,1.5743982227649778,1.6196164861146904
1005935,2023-10-26T00:30:00+00:00,FT,Gremio,Flamengo,3,2,0.9671703094467213,2.2564212434492896,1.147095690279384,0.37149754495630294
1005933,2023-10-26T22:00:00+00:00,FT,RB Bragantino,Atletico-MG,1,2,1.6342310681469494,0.5340068140977274,0.9954604674084029,0.6866588299153192
1005929,2023-10-26T22:00:00+00:00,FT,Fluminense,Goias,5,3,0.9563178504682366,1.8510305579987876,1.5278018592481633,1.4094791649293883
1005936,2023-10-26T22:00:00+00:00,FT,Atletico Paranaense,America Mineiro,3,2,1.3171786026156524,1.0699997476519885,1.0954959884551234,1.6095755706085517
1005932,2023-10-27T00:30:00+00:00,FT,Santos,Coritiba,2,1,1.4231870027494449,3.619676564405904,0.7312116081664208,2.10022476151373
1005930,2023-10-27T22:00:00+00:00,FT,Vasco DA Gama,Internacional,1,2,0.7648534855454237,0.8849112307453184,2.9577917785043417,1.2868379270756882
1005941,2023-10-28T23:00:00+00:00,FT,Palmeiras,Bahia,1,0,2.3630555670877866,0.6839857721156114,1.4141960538185165,1.6807961834035232
1005948,2023-10-28T23:00:00+00:00,FT,America Mineiro,Gremio,3,4,1.3969996841923962,2.0730540060318434,1.6447855070393091,2.17094682699705
1005944,2023-10-29T01:00:00+00:00,FT,Atletico-MG,Fluminense,2,0,1.3303095976773316,0.791106703668597,2.3042224444880235,2.2340233680150536
1005946,2023-10-29T19:00:00+00:00,FT,Atletico Paranaense,Sao Paulo,1,1,1.878123456481532,1.3800022568068193,0.9614497942583821,2.2156005763464197
1005943,2023-10-29T19:00:00+00:00,FT,Goias,Vasco DA Gama,1,1,2.0185384116887573,2.6063288058132166,0.8432362701907907,1.256610394833252
1005945,2023-10-29T21:30:00+00:00,FT,Internacional,Coritiba,3,4,2.6385253548291088,1.1912245367677476,0.8208084396616026,2.0668162463329467
1005942,2023-10-29T21:30:00+00:00,FT,Corinthians,Santos,1,1,1.382930650727604,1.0797401008164629,1.615459505912033,2.7464442119526904
1005940,2023-10-29T23:00:00+00:00,FT,Botafogo,Cuiaba,0,1,1.3162496529653525,0.8405410903479151,0.9466897941540984,0.7579254191892888
1005957,2023-10-31T22:00:00+00:00,FT,Bahia,Fluminense,1,0,0.9427949108105765,1.4538629387905748,1.5361442907247709,2.156015171856545
1005955,2023-11-01T22:00:00+00:00,FT,Internacional,America Mineiro,1,1,2.7590175315975607,2.127487907214301,1.9313359094091342,2.7153726871075365
1005952,2023-11-01T22:00:00+00:00,FT,Corinthians,Atletico Paranaense,1,0,1.2552864348083508,1.0531599285928506,1.5854141111472964,1.2533341772851383
1005949,2023-11-01T23:00:00+00:00,FT,Flamengo,Santos,1,2,1.4313993508588427,1.247671883969557,1.4103052673758347,2.1642931053284387
1005956,2023-11-01T23:00:00+00:00,FT,Coritiba,Gremio,1,2,1.880544486398614,2.3778791197777496,2.429861098936706,2.4472993258692495
1005950,2023-11-02T00:30:00+00:00,FT,Botafogo,Palmeiras,3,4,0.877496336433194,0.8936944760318812,1.9087013418913867,0.45598932572060175
1005954,2023-11-02T00:30:00+00:00,FT,Atletico-MG,Fortaleza EC,3,1,1.5535408959573267,0.5274030938730078,0.874352155200404,1.4719086688247927
1005958,2023-11-02T20:00:00+00:00,FT,Cuiaba,Vasco DA Gama,0,2,0.964459955442479,0.5052822952349538,0.8954911193078655,1.1710731504706418
1005953,2023-11-02T21:00:00+00:00,FT,Goias,RB Bragantino,0,2,1.6790238371917279,2.0708830781417804,1.422819058297377,1.0226750320752924
1005951,2023-11-02T23:00:00+00:00,FT,Sao Paulo,Cruzeiro,1,0,0.9742999298535998,1.8103982710624096,1.3938948382866894,0.4697276718781241
1005965,2023-11-04T22:30:00+00:00,FT,Gremio,Bahia,1,0,2.2865735677857413,1.9648645399506568,0.9618633401694987,0.9692402742915438
1005968,2023-11-04T22:30:00+00:00,FT,America Mineiro,Atletico-MG,1,1,1.6208895269344943,2.1435798034355327,2.0356956069599823,0.6849359436145285
1005961,2023-11-05T00:30:00+00:00,FT,Palmeiras,Atletico Paranaense,1,0,2.6058033182296354,1.303995832103424,1.056940903406191,1.1688891579308904
1005964,2023-11-05T19:00:00+00:00,FT,Cruzeiro,Internacional,1,2,0.9292608024137988,0.646486036397088,2.1726763158482587,1.751657298147968
1005967,2023-11-05T19:00:00+00:00,FT,Fortaleza EC,Flamengo,0,2,0.9162350977688924,1.9812764304851342,1.2875988173057777,1.4984492304740697
1005963,2023-11-05T19:00:00+00:00,FT,RB Bragantino,Corinthians,1,0,1.6152137088879748,0.6817815769250909,1.1701906606838668,0.7021053985400723
1005966,2023-11-05T21:30:00+00:00,FT,Coritiba,Goias,0,1,1.5870286371237072,2.251918975255749,1.119347278950186,2.0472553032804592
1005960,2023-11-06T22:00:00+00:00,FT,Vasco DA Gama,Botafogo,1,0,1.2636620262360934,0.780714076473978,1.5850012473274884,1.9291350506089364
1005962,2023-11-07T00:00:00+00:00,FT,Santos,Cuiaba,0,0,1.6068708616560616,1.7761940542366654,0.6429721859021356,1.0035232624059705
1005975,2023-11-08T22:00:00+00:00,FT,Internacional,Fluminense,0,0,2.115117410487656,1.5011042846951874,1.024094413557327,1.770675441515483
1005978,2023-11-08T22:00:00+00:00,FT,America Mineiro,Coritiba,0,3,1.4139258715851588,1.762385652084252,1.0580178652640457,1.8346116829273018
1005976,2023-11-08T23:00:00+00:00,FT,Atletico Paranaense,Fortaleza EC,1,1,0.7046264523359718,1.112592641468734,0.6108218057532474,1.987517652871991
1005971,2023-11-08T23:00:00+00:00,FT,Sao Paulo,RB Bragantino,1,0,0.982866649686572,1.206930082612298,1.4101417596121781,0.45452026115715194
1005969,2023-11-09T00:30:00+00:00,FT,Flamengo,Palmeiras,3,0,1.525066703815585,0.9989644170755277,2.070534304829187,0.869329547257398
1005972,2023-11-09T22:00:00+00:00,FT,Corinthians,Atletico-MG,1,1,0.7801262030233679,0.8014038291826057,1.6904629377861289,0.7899575391641759
1005973,2023-11-09T22:00:00+00:00,FT,Goias,Santos,0,1,1.0795647604247394,1.3648352871268625,1.0712459996220114,1.1841279971885488
1005977,2023-11-09T23:00:00+00:00,FT,Bahia,Cuiaba,0,3,0.6412414836359072,0.979493539959587,0.42864762716900356,0.6690147329400797
1005970,2023-11-09T23:00:00+00:00,FT,Botafogo,Gremio,3,4,1.056665661338126,1.6194222902849686,1.857714717839532,1.309908175229462
1005986,2023-11-11T19:00:00+00:00,FT,Coritiba,Cruzeiro,1,0,1.705346243769815,1.2230735103279207,0.9528406169231819,1.097658926204395
1005979,2023-11-11T21:30:00+00:00,FT,Flamengo,Fluminense,1,1,2.0167122754230067,0.6659755062419871,0.6827288178142054,1.1804489263048208
1005981,2023-11-12T00:00:00+00:00,FT,Palmeiras,Internacional,3,0,1.3803551367453948,1.5795541289534358,1.4100771842208686,1.0007354166201377
1005983,2023-11-12T19:00:00+00:00,FT,RB Bragantino,Botafogo,2,2,0.9400934169206587,0.6363472622136983,1.704445275661978,2.4129500327778026
1005985,2023-11-12T19:00:00+00:00,FT,Gremio,Corinthians,0,1,2.5718109153239976,1.873272987338469,0.8534175819330623,0.8676026550797131
1005987,2023-11-12T21:30:00+00:00,FT,Bahia,Atletico Paranaense,1,1,0.42749399213846107,1.6529967340125171,0.8030844536959325,1.075061702985849
1005982,2023-11-12T21:30:00+00:00,FT,Santos,Sao Paulo,0,0,1.0474972963845277,0.7894180548812942,0.9885777796950862,0.8046191225904671
1005980,2023-11-12T21:30:00+00:00,FT,Vasco DA Gama,America Mineiro,2,1,1.1757744804498824,0.5204754477963478,0.9426165194499372,2.1749244055165566
1005984,2023-11-12T21:30:00+00:00,FT,Atletico-MG,Goias,2,1,1.460308269552687,0.8599718009630891,0.7197092842296744,1.2432233368348329
1005988,2023-11-12T21:30:00+00:00,FT,Cuiaba,Fortaleza EC,2,1,1.2857664092107188,0.44600947736935553,0.7405483215262384,1.6583439574665875
1005947,2023-11-18T21:30:00+00:00,FT,Fortaleza EC,Cruzeiro,0,1,0.8270324148053887,1.7722295689440755,0.6352263417760616,1.0651058753508171
1005974,2023-11-22T22:00:00+00:00,FT,Cruzeiro,Vasco DA Gama,2,2,0.7568177490687066,0.7100700349610917,1.4505167448353358,0.6803172121871931
1005959,2023-11-23T00:30:00+00:00,FT,Fluminense,Sao Paulo,1,0,0.7884860419602779,1.1202991912590403,0.6590513439414103,0.5364123339569349
1005937,2023-11-23T22:00:00+00:00,FT,Fortaleza EC,Botafogo,2,2,0.5513545172224253,1.514819314875623,1.8029636693399222,2.2752998091529055
1005939,2023-11-24T00:30:00+00:00,FT,Flamengo,RB Bragantino,1,0,1.677807659935402,0.7773171762079594,1.2933961572085495,1.0908988771883552
1005992,2023-11-25T00:00:00+00:00,FT,Corinthians,Bahia,1,5,0.9022784382890064,0.57840147213479,0.6183295246800489,1.4353309317816092
1005996,2023-11-25T22:30:00+00:00,FT,Atletico Paranaense,Vasco DA Gama,0,0,0.8687230367476981,1.0500411095491293,1.6336780185723871,1.1202119279455864
1005989,2023-11-26T00:00:00+00:00,FT,Fluminense,Coritiba,2,1,0.8589907672700804,0.7468657428164607,1.4702305869773091,0.8153819202382891
1005990,2023-11-26T19:00:00+00:00,FT,Botafogo,Santos,1,1,1.8686425138851661,2.1835331115691865,0.6983311712322469,0.5262784321829579
1005994,2023-11-26T19:00:00+00:00,FT,Atletico-MG,Gremio,3,0,1.6402056983550635,0.9066479153917628,1.7145397271047431,1.5821816916935423
1005995,2023-11-26T21:30:00+00:00,FT,Internacional,RB Bragantino,1,0,0.9400509719533943,1.6671576309230924,0.8622636606779073,1.060599220245947
1005998,2023-11-26T21:30:00+00:00,FT,America Mineiro,Flamengo,0,3,0.9617443660043606,2.116616210278637,1.4518715405439295,0.518211183889281
1005991,2023-11-26T21:30:00+00:00,FT,Sao Paulo,Cuiaba,0,0,0.4393673363218329,0.6909417151585316,1.5238445180614604,0.6306731751427775
1005997,2023-11-26T21:30:00+00:00,FT,Fortaleza EC,Palmeiras,2,2,1.0342368422524264,1.6765463765189583,1.9202373139856943,1.0530355435799263
1005993,2023-11-28T00:00:00+00:00,FT,Goias,Cruzeiro,0,1,0.8131396190663166,1.4954824844193566,1.171212259597757,1.1400471329116286
1006000,2023-11-29T00:30:00+00:00,FT,Vasco DA Gama,Corinthians,2,4,1.089118305065619,0.746807695524078,0.9348523145631547,2.0522686602850833
1006002,2023-11-29T22:00:00+00:00,FT,Santos,Fluminense,0,3,0.7988875165463899,0.6841857298999561,1.2393274393806324,0.8312438864919666
1005999,2023-11-29T22:30:00+00:00,FT,Flamengo,Atletico-MG,0,3,1.967914714761198,0.34547400396361133,2.093470776855042,0.6044317360440755
1006007,2023-11-29T23:00:00+00:00,FT,Bahia,Sao Paulo,0,1,2.0788873528415666,1.2902205215314981,0.292911456967631,0.46062765193485905
1006008,2023-11-29T23:00:00+00:00,FT,Cuiaba,Internacional,0,2,1.0158959965348244,0.42044863905440316,0.9600339950258334,1.1114380389685812
1006001,2023-11-30T00:30:00+00:00,FT,Palmeiras,America Mineiro,4,0,1.9468248942497892,1.3686905791663395,0.6411626905064253,2.4110776757438854
1006006,2023-11-30T00:30:00+00:00,FT,Coritiba,Botafogo,1,1,1.3134869503393796,1.2102548846757375,1.5790948104065656,1.7890218034442846
1006005,2023-11-30T22:00:00+00:00,FT,Gremio,Goias,2,1,1.1430260922429412,2.054788119030255,0.5420928932330916,1.3303215428533972
1006004,2023-11-30T23:00:00+00:00,FT,Cruzeiro,Atletico Paranaense,1,1,1.1141414672044823,0.7600311609607514,0.579148492296487,0.7000271659899896
1006003,2023-11-30T23:30:00+00:00,FT,RB Bragantino,Fortaleza EC,1,2,0.5748422430619777,1.0403994662915517,1.3561581159180838,1.7843643250578536
1006012,2023-12-02T21:00:00+00:00,FT,Corinthians,Internacional,1,2,1.9565686774924027,2.0348457655464736,1.3066894887303173,0.7409585230250118
1006014,2023-12-03T00:00:00+00:00,FT,Atletico-MG,Sao Paulo,2,1,2.3956473229188378,0.40295439845146624,0.5286077458898434,0.3070850309918001
1006011,2023-12-03T19:00:00+00:00,FT,Palmeiras,Fluminense,1,0,2.6312169095092455,0.9124601772299132,1.8262185616232351,0.5541624641354111
1006009,2023-12-03T19:00:00+00:00,FT,Flamengo,Cuiaba,2,1,1.3119428428433195,1.2303164077595314,0.6772638426502018,0.9469660004308331
1006010,2023-12-03T21:30:00+00:00,FT,Botafogo,Cruzeiro,0,0,1.3860631185598893,1.5260144152139596,1.0760942940500993,0.8400208105963748
1006018,2023-12-03T21:30:00+00:00,FT,America Mineiro,Bahia,3,2,0.42744169582071795,2.9407186929872924,1.3859245846276165,1.193480303396028
1006015,2023-12-03T21:30:00+00:00,FT,Gremio,Vasco DA Gama,1,0,1.4286841922812819,1.70319191837835,1.3927456757234693,1.83120562683121
1006016,2023-12-03T21:30:00+00:00,FT,Atletico Paranaense,Santos,3,0,0.719432392425378,0.8000181564399673,0.5325915557763865,1.456124173358367
1006017,2023-12-03T21:30:00+00:00,FT,Fortaleza EC,Goias,1,0,1.5707721755378363,1.5229094303338007,0.6947286653716411,1.5535477974377279
1006013,2023-12-03T21:30:00+00:00,FT,RB Bragantino,Coritiba,1,0,0.7165615602595645,1.3602664573092549,1.2089912523838389,1.1401698910293752
1006023,2023-12-06T22:00:00+00:00,FT,Goias,America Mineiro,1,0,0.4631523728976812,1.3690318086391629,1.2849613922855907,2.6271456996138145
1006020,2023-12-07T00:30:00+00:00,FT,Vasco DA Gama,RB Bragantino,2,1,0.9284969754475892,1.5541369999852235,0.811041069010771,0.9068441664759624
1006024,2023-12-07T00:30:00+00:00,FT,Cruzeiro,Palmeiras,1,1,0.7173960865489042,0.5600137882651213,2.087477773708787,0.6083066919839866
1006022,2023-12-07T00:30:00+00:00,FT,Santos,Fortaleza EC,1,2,0.35506098299707534,1.9707496059833238,1.3805147256201178,1.0152727986112946
1006026,2023-12-07T00:30:00+00:00,FT,Coritiba,Corinthians,0,2,0.8059940452501319,1.093446579758352,1.6377123543379382,2.0232305068190213
1006019,2023-12-07T00:30:00+00:00,FT,Fluminense,Gremio,2,3,1.2174788552781628,0.702775021450888,1.2857894179054643,1.135461105631941
1006025,2023-12-07T00:30:00+00:00,FT,Internacional,Botafogo,3,1,1.5377930630260048,0.8273057083721952,0.9240419380184358,1.0173427882154915
1006027,2023-12-07T00:30:00+00:00,FT,Bahia,Atletico-MG,4,1,1.590616452229296,1.7956537193971345,2.2637648416917546,0.6019696597125406
1006021,2023-12-07T00:30:00+00:00,FT,Sao Paulo,Flamengo,1,0,0.6857385452205096,0.8713901929025567,1.5412952985668504,1.1535442484067266
1006028,2023-12-07T00:30:00+00:00,FT,Cuiaba,Atletico Paranaense,3,0,0.7848425946027762,1.2979774407588396,1.4796218269808419,0.5333453562308187
